time,asset,decision_at,available_at,useful,redundant,spurious,leaked,return
0,S0,2000-01-01 00:00:00+00:00,2000-01-01 00:00:00+00:00,0.0012301533574825742,0.0024603067149651485,-0.013944329061553393,-0.01402991871098037,-0.01402991871098037
0,S1,2000-01-01 00:00:00+00:00,2000-01-01 00:00:00+00:00,0.2987455375084699,0.5974910750169398,-0.015584897702482371,-0.012596329677784242,-0.012596329677784242
0,S2,2000-01-01 00:00:00+00:00,2000-01-01 00:00:00+00:00,-0.2741378553622176,-0.5482757107244352,0.0003057211783324492,0.0026736021523149937,0.0026736021523149937
0,S3,2000-01-01 00:00:00+00:00,2000-01-01 00:00:00+00:00,-0.8905918387572742,-1.7811836775145484,-0.016806911394145592,-0.018112369981343895,-0.018112369981343895
0,S4,2000-01-01 00:00:00+00:00,2000-01-01 00:00:00+00:00,-0.45467078517172255,-0.9093415703434451,0.0009967935217026153,-0.0008030061655048706,-0.0008030061655048706
0,S5,2000-01-01 00:00:00+00:00,2000-01-01 00:00:00+00:00,-0.9916465549964624,-1.9832931099929247,-0.00024433535963937626,0.0013366352088529715,0.0013366352088529715
0,S6,2000-01-01 00:00:00+00:00,2000-01-01 00:00:00+00:00,0.060143602597438485,0.12028720519487697,-0.012502815446267189,-0.01184831049407803,-0.01184831049407803
0,S7,2000-01-01 00:00:00+00:00,2000-01-01 00:00:00+00:00,1.3402152455545335,2.680430491109067,0.006906098698946053,0.006500916419179412,0.006500916419179412
1,S0,2000-01-02 00:00:00+00:00,2000-01-02 00:00:00+00:00,-0.49220651855132963,-0.9844130371026593,0.013829973473935327,0.017448174961168364,0.017448174961168364
1,S1,2000-01-02 00:00:00+00:00,2000-01-02 00:00:00+00:00,-0.6204748998199404,-1.2409497996398808,-0.0040947577314235945,-0.0032768758324156783,-0.0032768758324156783
1,S2,2000-01-02 00:00:00+00:00,2000-01-02 00:00:00+00:00,0.4898420501851982,0.9796841003703964,-0.010462559096874265,-0.013581108853475405,-0.013581108853475405
1,S3,2000-01-02 00:00:00+00:00,2000-01-02 00:00:00+00:00,0.35688700816006075,0.7137740163201215,-0.0010626511413547746,-0.0053160468298645,-0.0053160468298645
1,S4,2000-01-02 00:00:00+00:00,2000-01-02 00:00:00+00:00,0.10541424899789856,0.21082849799579712,-0.019727525112051277,-0.01939325919220837,-0.01939325919220837
1,S5,2000-01-02 00:00:00+00:00,2000-01-02 00:00:00+00:00,-0.9304680447082047,-1.8609360894164093,-0.0017652543165289007,-0.005310614614729295,-0.005310614614729295
1,S6,2000-01-02 00:00:00+00:00,2000-01-02 00:00:00+00:00,-0.02925182246327349,-0.05850364492654698,0.0062061648712480955,0.007373944105539489,0.007373944105539489
1,S7,2000-01-02 00:00:00+00:00,2000-01-02 00:00:00+00:00,0.6953031944582878,1.3906063889165756,-0.01727195751405298,-0.015533737339768372,-0.015533737339768372
2,S0,2000-01-03 00:00:00+00:00,2000-01-03 00:00:00+00:00,-1.344214547285082,-2.688429094570164,-0.012572726966842916,-0.007978609196417272,-0.007978609196417272
2,S1,2000-01-03 00:00:00+00:00,2000-01-03 00:00:00+00:00,-0.45761576104021817,-0.9152315220804363,0.017632667495660802,0.015836385593572692,0.015836385593572692
2,S2,2000-01-03 00:00:00+00:00,2000-01-03 00:00:00+00:00,-1.901222739800844,-3.802445479601688,-0.015490460197476371,-0.014624770075165747,-0.014624770075165747
2,S3,2000-01-03 00:00:00+00:00,2000-01-03 00:00:00+00:00,-1.289537739784976,-2.579075479569952,0.0028929119353451774,-0.0016692068920583845,-0.0016692068920583845
2,S4,2000-01-03 00:00:00+00:00,2000-01-03 00:00:00+00:00,-1.8417350377917323,-3.6834700755834646,-0.021905643744923414,-0.02245149563006075,-0.02245149563006075
2,S5,2000-01-03 00:00:00+00:00,2000-01-03 00:00:00+00:00,-0.23509113107468127,-0.47018226214936254,-0.012624774599915933,-0.012884744661015394,-0.012884744661015394
2,S6,2000-01-03 00:00:00+00:00,2000-01-03 00:00:00+00:00,-1.2674464814437032,-2.5348929628874064,-0.01604357760060096,-0.012314327247309062,-0.012314327247309062
2,S7,2000-01-03 00:00:00+00:00,2000-01-03 00:00:00+00:00,0.2712643588217015,0.542528717643403,0.03722085968659988,0.03433726430542906,0.03433726430542906
3,S0,2000-01-04 00:00:00+00:00,2000-01-04 00:00:00+00:00,0.15675108662422516,0.3135021732484503,-0.003631447460721048,-0.002789311935056504,-0.002789311935056504
3,S1,2000-01-04 00:00:00+00:00,2000-01-04 00:00:00+00:00,-0.18693094462995438,-0.37386188925990876,-0.006416050750416821,-0.005977668231069718,-0.005977668231069718
3,S2,2000-01-04 00:00:00+00:00,2000-01-04 00:00:00+00:00,-2.516759710820513,-5.033519421641026,-0.020324486532625273,-0.015795505931944696,-0.015795505931944696
3,S3,2000-01-04 00:00:00+00:00,2000-01-04 00:00:00+00:00,-0.5386928958466366,-1.0773857916932732,-0.00018260750313841504,-0.0019193710557662003,-0.0019193710557662003
3,S4,2000-01-04 00:00:00+00:00,2000-01-04 00:00:00+00:00,-0.048500945401071985,-0.09700189080214397,0.014226241035740146,0.012364383832184028,0.012364383832184028
3,S5,2000-01-04 00:00:00+00:00,2000-01-04 00:00:00+00:00,0.11330898600330756,0.22661797200661513,0.004687882524474251,0.006015028337560617,0.006015028337560617
3,S6,2000-01-04 00:00:00+00:00,2000-01-04 00:00:00+00:00,-1.5301357655053935,-3.060271531010787,0.02753691419041798,0.027466112896978798,0.027466112896978798
3,S7,2000-01-04 00:00:00+00:00,2000-01-04 00:00:00+00:00,-0.47775327603393064,-0.9555065520678613,0.004685678917047001,0.004015339435352374,0.004015339435352374
4,S0,2000-01-05 00:00:00+00:00,2000-01-05 00:00:00+00:00,-0.9785190780566395,-1.957038156113279,0.011087706407457128,0.009276250501732723,0.009276250501732723
4,S1,2000-01-05 00:00:00+00:00,2000-01-05 00:00:00+00:00,-0.8088372394255993,-1.6176744788511985,-0.007510566504852916,-0.007605417643718764,-0.007605417643718764
4,S2,2000-01-05 00:00:00+00:00,2000-01-05 00:00:00+00:00,1.0608986233860787,2.1217972467721573,0.00813816092592476,0.00480658154386677,0.00480658154386677
4,S3,2000-01-05 00:00:00+00:00,2000-01-05 00:00:00+00:00,-0.8075346753318965,-1.615069350663793,-0.03400340768479871,-0.03340487322341655,-0.03340487322341655
4,S4,2000-01-05 00:00:00+00:00,2000-01-05 00:00:00+00:00,-0.0325217049455206,-0.0650434098910412,-0.011882850327905172,-0.010556713968259024,-0.010556713968259024
4,S5,2000-01-05 00:00:00+00:00,2000-01-05 00:00:00+00:00,0.8843898673831739,1.7687797347663479,-0.007064117706536897,-0.006017392066288547,-0.006017392066288547
4,S6,2000-01-05 00:00:00+00:00,2000-01-05 00:00:00+00:00,-0.583600432743302,-1.167200865486604,-0.019687875457610977,-0.014499492260824543,-0.014499492260824543
4,S7,2000-01-05 00:00:00+00:00,2000-01-05 00:00:00+00:00,-0.11170194958415963,-0.22340389916831926,-0.042987235837007406,-0.041260722632588905,-0.041260722632588905
5,S0,2000-01-06 00:00:00+00:00,2000-01-06 00:00:00+00:00,0.11046414324948059,0.22092828649896118,0.010673054059197634,0.008771548935611984,0.008771548935611984
5,S1,2000-01-06 00:00:00+00:00,2000-01-06 00:00:00+00:00,0.06378177425506196,0.12756354851012391,-0.010014145186012726,-0.010431802413688265,-0.010431802413688265
5,S2,2000-01-06 00:00:00+00:00,2000-01-06 00:00:00+00:00,-1.2250558264176934,-2.450111652835387,-0.018100058139476863,-0.016350967704841297,-0.016350967704841297
5,S3,2000-01-06 00:00:00+00:00,2000-01-06 00:00:00+00:00,0.0761402303770081,0.1522804607540162,-0.007814301656552607,-0.008402685559570126,-0.008402685559570126
5,S4,2000-01-06 00:00:00+00:00,2000-01-06 00:00:00+00:00,1.3588234217415376,2.717646843483075,-0.007013537867697662,-0.0028655687116261913,-0.0028655687116261913
5,S5,2000-01-06 00:00:00+00:00,2000-01-06 00:00:00+00:00,-1.5471446781284823,-3.0942893562569647,-0.0056417862550816305,-0.004961776966158457,-0.004961776966158457
5,S6,2000-01-06 00:00:00+00:00,2000-01-06 00:00:00+00:00,0.8593826880215982,1.7187653760431965,-0.019567774746547546,-0.020507627586868363,-0.020507627586868363
5,S7,2000-01-06 00:00:00+00:00,2000-01-06 00:00:00+00:00,0.11935402569658124,0.23870805139316248,-0.017081675970543775,-0.018367889316444418,-0.018367889316444418
6,S0,2000-01-07 00:00:00+00:00,2000-01-07 00:00:00+00:00,-0.6414703941072214,-1.2829407882144428,-0.005525046710301283,-0.0038662535489501857,-0.0038662535489501857
6,S1,2000-01-07 00:00:00+00:00,2000-01-07 00:00:00+00:00,2.000416546342423,4.000833092684846,0.006241973172994371,0.004525536944162847,0.004525536944162847
6,S2,2000-01-07 00:00:00+00:00,2000-01-07 00:00:00+00:00,0.7622597120847118,1.5245194241694235,-0.004630362976423377,-0.008260654696304435,-0.008260654696304435
6,S3,2000-01-07 00:00:00+00:00,2000-01-07 00:00:00+00:00,-1.1992889021052233,-2.3985778042104466,-0.020028150360617458,-0.01906571310404792,-0.01906571310404792
6,S4,2000-01-07 00:00:00+00:00,2000-01-07 00:00:00+00:00,0.07451622877146342,0.14903245754292685,-0.016504757544707246,-0.017878177043475343,-0.017878177043475343
6,S5,2000-01-07 00:00:00+00:00,2000-01-07 00:00:00+00:00,0.5766895836701853,1.1533791673403706,-0.0074518697467379266,-0.004228440534766587,-0.004228440534766587
6,S6,2000-01-07 00:00:00+00:00,2000-01-07 00:00:00+00:00,-0.1887821253507493,-0.3775642507014986,0.007263721567320666,0.011295987185456371,0.011295987185456371
6,S7,2000-01-07 00:00:00+00:00,2000-01-07 00:00:00+00:00,0.682910267195206,1.365820534390412,-0.017681397998214703,-0.018798991612917246,-0.018798991612917246
7,S0,2000-01-08 00:00:00+00:00,2000-01-08 00:00:00+00:00,-0.06651732014941557,-0.13303464029883114,0.027041595819246107,0.02706266196962543,0.02706266196962543
7,S1,2000-01-08 00:00:00+00:00,2000-01-08 00:00:00+00:00,0.6672475608343279,1.3344951216686558,0.020100580391165926,0.01980767277451439,0.01980767277451439
7,S2,2000-01-08 00:00:00+00:00,2000-01-08 00:00:00+00:00,1.438522591656152,2.877045183312304,0.002166021794977932,0.003438594857446179,0.003438594857446179
7,S3,2000-01-08 00:00:00+00:00,2000-01-08 00:00:00+00:00,-0.6756622510056528,-1.3513245020113056,0.012828841288102558,0.013522434678394334,0.013522434678394334
7,S4,2000-01-08 00:00:00+00:00,2000-01-08 00:00:00+00:00,0.20313861038960904,0.4062772207792181,-0.015180821834420523,-0.016697036260902215,-0.016697036260902215
7,S5,2000-01-08 00:00:00+00:00,2000-01-08 00:00:00+00:00,-0.46330757653841514,-0.9266151530768303,-0.02001649236185509,-0.02334789393310162,-0.02334789393310162
7,S6,2000-01-08 00:00:00+00:00,2000-01-08 00:00:00+00:00,0.12726841122583082,0.25453682245166165,-0.014896877145540248,-0.014358699646893718,-0.014358699646893718
7,S7,2000-01-08 00:00:00+00:00,2000-01-08 00:00:00+00:00,-1.18719452785014,-2.37438905570028,-0.009822477294326178,-0.0064160145406427825,-0.0064160145406427825
8,S0,2000-01-09 00:00:00+00:00,2000-01-09 00:00:00+00:00,-0.5793015965026732,-1.1586031930053464,0.005484787603339317,0.003039816244065037,0.003039816244065037
8,S1,2000-01-09 00:00:00+00:00,2000-01-09 00:00:00+00:00,-0.1961959728044967,-0.3923919456089934,0.002827754049621975,0.0017262520159629135,0.0017262520159629135
8,S2,2000-01-09 00:00:00+00:00,2000-01-09 00:00:00+00:00,0.8987638721004078,1.7975277442008155,0.01658507012774019,0.015324568011193921,0.015324568011193921
8,S3,2000-01-09 00:00:00+00:00,2000-01-09 00:00:00+00:00,1.145222007454132,2.290444014908264,-0.01694738713423226,-0.01720824842164273,-0.01720824842164273
8,S4,2000-01-09 00:00:00+00:00,2000-01-09 00:00:00+00:00,-1.323527792484255,-2.64705558496851,0.016918746559456386,0.012374302089657091,0.012374302089657091
8,S5,2000-01-09 00:00:00+00:00,2000-01-09 00:00:00+00:00,-0.7946423659870495,-1.589284731974099,-0.014181726917917224,-0.014229905983012218,-0.014229905983012218
8,S6,2000-01-09 00:00:00+00:00,2000-01-09 00:00:00+00:00,0.6469034225734218,1.2938068451468436,0.0038389407357995254,0.0029130267762348394,0.0029130267762348394
8,S7,2000-01-09 00:00:00+00:00,2000-01-09 00:00:00+00:00,-1.9924197841744944,-3.984839568348989,-0.007734796645073656,-0.0039242639667720165,-0.0039242639667720165
9,S0,2000-01-10 00:00:00+00:00,2000-01-10 00:00:00+00:00,-0.46316986495236695,-0.9263397299047339,-0.01534786937012105,-0.014086619318728321,-0.014086619318728321
9,S1,2000-01-10 00:00:00+00:00,2000-01-10 00:00:00+00:00,-0.09728692567008902,-0.19457385134017804,-0.017321767429963362,-0.01584492304002579,-0.01584492304002579
9,S2,2000-01-10 00:00:00+00:00,2000-01-10 00:00:00+00:00,1.2570149772868198,2.5140299545736395,-0.005116270867598192,-0.004953945376848942,-0.004953945376848942
9,S3,2000-01-10 00:00:00+00:00,2000-01-10 00:00:00+00:00,0.6894039005707556,1.3788078011415112,0.008282057652145675,0.007687980662383733,0.007687980662383733
9,S4,2000-01-10 00:00:00+00:00,2000-01-10 00:00:00+00:00,-0.32721342022219785,-0.6544268404443957,0.011048008954038329,0.012650098697221165,0.012650098697221165
9,S5,2000-01-10 00:00:00+00:00,2000-01-10 00:00:00+00:00,-0.3685758940999591,-0.7371517881999182,0.01545948865540488,0.012098443781377755,0.012098443781377755
9,S6,2000-01-10 00:00:00+00:00,2000-01-10 00:00:00+00:00,-0.25019540051792494,-0.5003908010358499,-0.013043071211191332,-0.010808927483910678,-0.010808927483910678
9,S7,2000-01-10 00:00:00+00:00,2000-01-10 00:00:00+00:00,1.5235294004561601,3.0470588009123203,-0.0016741875125123387,-0.0006703199291362948,-0.0006703199291362948
10,S0,2000-01-11 00:00:00+00:00,2000-01-11 00:00:00+00:00,-0.4280249425728672,-0.8560498851457344,-0.01724326114853841,-0.01761766080623515,-0.01761766080623515
10,S1,2000-01-11 00:00:00+00:00,2000-01-11 00:00:00+00:00,-0.3036803883647294,-0.6073607767294588,0.0008303673706293517,0.00343594956179349,0.00343594956179349
10,S2,2000-01-11 00:00:00+00:00,2000-01-11 00:00:00+00:00,0.35258906728526535,0.7051781345705307,-0.03020805821178709,-0.031247460004831973,-0.031247460004831973
10,S3,2000-01-11 00:00:00+00:00,2000-01-11 00:00:00+00:00,-0.12077044508645512,-0.24154089017291025,0.017159403392893433,0.015995493562192854,0.015995493562192854
10,S4,2000-01-11 00:00:00+00:00,2000-01-11 00:00:00+00:00,-0.19728422796572256,-0.39456845593144513,-0.010845376693554882,-0.010157723607402594,-0.010157723607402594
10,S5,2000-01-11 00:00:00+00:00,2000-01-11 00:00:00+00:00,-1.1140671431510563,-2.2281342863021125,-0.01458788624794416,-0.01830565509580473,-0.01830565509580473
10,S6,2000-01-11 00:00:00+00:00,2000-01-11 00:00:00+00:00,-0.011521468038548173,-0.023042936077096347,0.003010401064205392,0.002949207500264505,0.002949207500264505
10,S7,2000-01-11 00:00:00+00:00,2000-01-11 00:00:00+00:00,-0.4435812229744192,-0.8871624459488384,0.012078552638669643,0.011618447368502854,0.011618447368502854
11,S0,2000-01-12 00:00:00+00:00,2000-01-12 00:00:00+00:00,1.1661277761902227,2.3322555523804454,0.01656932095060068,0.018593298295851553,0.018593298295851553
11,S1,2000-01-12 00:00:00+00:00,2000-01-12 00:00:00+00:00,0.6530885027011638,1.3061770054023276,0.023740349018143373,0.027193559208400615,0.027193559208400615
11,S2,2000-01-12 00:00:00+00:00,2000-01-12 00:00:00+00:00,-0.024143613009932233,-0.04828722601986447,0.0093435474077599,0.010708846135583535,0.010708846135583535
11,S3,2000-01-12 00:00:00+00:00,2000-01-12 00:00:00+00:00,0.6683810232673438,1.3367620465346877,0.029162284875575647,0.029908141516502146,0.029908141516502146
11,S4,2000-01-12 00:00:00+00:00,2000-01-12 00:00:00+00:00,-0.3398695517131494,-0.6797391034262988,0.02509416842556191,0.026107960710244613,0.026107960710244613
11,S5,2000-01-12 00:00:00+00:00,2000-01-12 00:00:00+00:00,1.052126358426947,2.104252716853894,0.012942387743418025,0.011506361931543583,0.011506361931543583
11,S6,2000-01-12 00:00:00+00:00,2000-01-12 00:00:00+00:00,-0.005399560671626605,-0.01079912134325321,0.025478369312836296,0.030356528414034564,0.030356528414034564
11,S7,2000-01-12 00:00:00+00:00,2000-01-12 00:00:00+00:00,0.5833823541804138,1.1667647083608277,0.011222885598545989,0.013594573274240894,0.013594573274240894
12,S0,2000-01-13 00:00:00+00:00,2000-01-13 00:00:00+00:00,-1.2908932453234871,-2.5817864906469743,-0.01670203291445425,-0.012944821095411162,-0.012944821095411162
12,S1,2000-01-13 00:00:00+00:00,2000-01-13 00:00:00+00:00,0.34668004887842974,0.6933600977568595,-0.018937306913762886,-0.02152003127984481,-0.02152003127984481
12,S2,2000-01-13 00:00:00+00:00,2000-01-13 00:00:00+00:00,-1.6882041173665416,-3.3764082347330833,-0.021402264049603,-0.020169162974921703,-0.020169162974921703
12,S3,2000-01-13 00:00:00+00:00,2000-01-13 00:00:00+00:00,-2.0353289449399323,-4.070657889879865,-0.006694796470294358,-0.005562221010753614,-0.005562221010753614
12,S4,2000-01-13 00:00:00+00:00,2000-01-13 00:00:00+00:00,-0.3044768777114372,-0.6089537554228744,-0.032299340108619796,-0.029992257575539454,-0.029992257575539454
12,S5,2000-01-13 00:00:00+00:00,2000-01-13 00:00:00+00:00,-0.8999276075985952,-1.7998552151971905,-0.0012419814629023042,-0.00293999670916289,-0.00293999670916289
12,S6,2000-01-13 00:00:00+00:00,2000-01-13 00:00:00+00:00,0.16405279571222256,0.3281055914244451,-0.0041252078742371,-0.0031991959667567703,-0.0031991959667567703
12,S7,2000-01-13 00:00:00+00:00,2000-01-13 00:00:00+00:00,2.2447566264860495,4.489513252972099,0.004400252014705792,0.004057801331048377,0.004057801331048377
13,S0,2000-01-14 00:00:00+00:00,2000-01-14 00:00:00+00:00,-0.8317231814120817,-1.6634463628241634,-0.031601610499353776,-0.027428127344239286,-0.027428127344239286
13,S1,2000-01-14 00:00:00+00:00,2000-01-14 00:00:00+00:00,-0.6239435864439059,-1.2478871728878118,0.007194426457567108,0.004951730172473948,0.004951730172473948
13,S2,2000-01-14 00:00:00+00:00,2000-01-14 00:00:00+00:00,0.2054039460646989,0.4108078921293978,0.02023065706434523,0.0195416642123917,0.0195416642123917
13,S3,2000-01-14 00:00:00+00:00,2000-01-14 00:00:00+00:00,0.49301329141235634,0.9860265828247127,0.0005275192790512866,-0.00047612287535474425,-0.00047612287535474425
13,S4,2000-01-14 00:00:00+00:00,2000-01-14 00:00:00+00:00,-0.1764060659057582,-0.3528121318115164,0.012019247029223416,0.009645124535612263,0.009645124535612263
13,S5,2000-01-14 00:00:00+00:00,2000-01-14 00:00:00+00:00,-0.20593033025321647,-0.41186066050643294,-0.02798588038324645,-0.027498672044267602,-0.027498672044267602
13,S6,2000-01-14 00:00:00+00:00,2000-01-14 00:00:00+00:00,0.7024629551205442,1.4049259102410885,0.021442064069748655,0.02187689567757775,0.02187689567757775
13,S7,2000-01-14 00:00:00+00:00,2000-01-14 00:00:00+00:00,0.5199076370338984,1.0398152740677968,0.002476557337112369,0.0011392867157679933,0.0011392867157679933
14,S0,2000-01-15 00:00:00+00:00,2000-01-15 00:00:00+00:00,-1.0336758320736887,-2.0673516641473775,0.005752858268653256,0.004998365647395231,0.004998365647395231
14,S1,2000-01-15 00:00:00+00:00,2000-01-15 00:00:00+00:00,-0.07918131861584184,-0.15836263723168367,-0.03248566457164779,-0.03189580465125765,-0.03189580465125765
14,S2,2000-01-15 00:00:00+00:00,2000-01-15 00:00:00+00:00,0.035286848661474135,0.07057369732294827,0.006576716422800106,0.006587872981719653,0.006587872981719653
14,S3,2000-01-15 00:00:00+00:00,2000-01-15 00:00:00+00:00,-1.0544846220491104,-2.108969244098221,-0.012818257362881372,-0.011709313040792093,-0.011709313040792093
14,S4,2000-01-15 00:00:00+00:00,2000-01-15 00:00:00+00:00,0.25983910067436333,0.5196782013487267,0.010548754808749646,0.009216128129920958,0.009216128129920958
14,S5,2000-01-15 00:00:00+00:00,2000-01-15 00:00:00+00:00,-0.8579564771765439,-1.7159129543530878,-0.019483507088624227,-0.021254757953198578,-0.021254757953198578
14,S6,2000-01-15 00:00:00+00:00,2000-01-15 00:00:00+00:00,0.9720667079170427,1.9441334158340855,-0.009413913963621703,-0.009325873777291025,-0.009325873777291025
14,S7,2000-01-15 00:00:00+00:00,2000-01-15 00:00:00+00:00,0.1927459126050724,0.3854918252101448,0.034135127596264477,0.03047046858494751,0.03047046858494751
15,S0,2000-01-16 00:00:00+00:00,2000-01-16 00:00:00+00:00,0.08930648576905029,0.17861297153810057,-0.031952721106057146,-0.028773815604410558,-0.028773815604410558
15,S1,2000-01-16 00:00:00+00:00,2000-01-16 00:00:00+00:00,-0.591028352856274,-1.182056705712548,-0.03020141702869151,-0.029636280813471604,-0.029636280813471604
15,S2,2000-01-16 00:00:00+00:00,2000-01-16 00:00:00+00:00,-0.11860982387769403,-0.23721964775538806,-0.017974619198107326,-0.021304929143915324,-0.021304929143915324
15,S3,2000-01-16 00:00:00+00:00,2000-01-16 00:00:00+00:00,-1.9977462929070549,-3.9954925858141097,-0.040952968353588345,-0.04001112534986201,-0.04001112534986201
15,S4,2000-01-16 00:00:00+00:00,2000-01-16 00:00:00+00:00,-1.1314074705230586,-2.262814941046117,-0.006653633488017415,-0.0033505373777661454,-0.0033505373777661454
15,S5,2000-01-16 00:00:00+00:00,2000-01-16 00:00:00+00:00,0.3628397991887543,0.7256795983775086,0.013343767460569877,0.010644799618890498,0.010644799618890498
15,S6,2000-01-16 00:00:00+00:00,2000-01-16 00:00:00+00:00,-2.1285670418221447,-4.2571340836442895,-0.03476120194312824,-0.03575761845696693,-0.03575761845696693
15,S7,2000-01-16 00:00:00+00:00,2000-01-16 00:00:00+00:00,0.8466085214811634,1.6932170429623268,-0.041675511047346146,-0.03918580789020304,-0.03918580789020304
16,S0,2000-01-17 00:00:00+00:00,2000-01-17 00:00:00+00:00,-1.7460964753739088,-3.4921929507478175,0.027956577437178935,0.02650010207787423,0.02650010207787423
16,S1,2000-01-17 00:00:00+00:00,2000-01-17 00:00:00+00:00,0.7567385026642676,1.5134770053285351,0.03341160021264846,0.035557640122041524,0.035557640122041524
16,S2,2000-01-17 00:00:00+00:00,2000-01-17 00:00:00+00:00,-0.8454970328793241,-1.6909940657586482,0.0220653209126673,0.024847728185670045,0.024847728185670045
16,S3,2000-01-17 00:00:00+00:00,2000-01-17 00:00:00+00:00,0.7789910843424612,1.5579821686849225,0.03596753016602352,0.03636846429311209,0.03636846429311209
16,S4,2000-01-17 00:00:00+00:00,2000-01-17 00:00:00+00:00,0.1309512075847998,0.2619024151695996,0.0023561530501797767,0.0034157542774907023,0.0034157542774907023
16,S5,2000-01-17 00:00:00+00:00,2000-01-17 00:00:00+00:00,-1.5368349402914887,-3.0736698805829774,0.004933887506372905,0.007230042543263492,0.007230042543263492
16,S6,2000-01-17 00:00:00+00:00,2000-01-17 00:00:00+00:00,1.2491487495584548,2.4982974991169096,-0.000688708546923648,0.00013977936763413454,0.00013977936763413454
16,S7,2000-01-17 00:00:00+00:00,2000-01-17 00:00:00+00:00,1.4417071555226115,2.883414311045223,-0.0017098779719140734,0.00039921461281179627,0.00039921461281179627
17,S0,2000-01-18 00:00:00+00:00,2000-01-18 00:00:00+00:00,-0.0658049060002071,-0.1316098120004142,0.023946207967500834,0.023921438430983523,0.023921438430983523
17,S1,2000-01-18 00:00:00+00:00,2000-01-18 00:00:00+00:00,-0.27391627217232034,-0.5478325443446407,-0.0018477941343625153,-0.001706225579394538,-0.001706225579394538
17,S2,2000-01-18 00:00:00+00:00,2000-01-18 00:00:00+00:00,-0.15986696597063635,-0.3197339319412727,0.044420641913563146,0.04302224449235971,0.04302224449235971
17,S3,2000-01-18 00:00:00+00:00,2000-01-18 00:00:00+00:00,-0.9751523227787462,-1.9503046455574924,0.005673471841158315,0.006680230804564964,0.006680230804564964
17,S4,2000-01-18 00:00:00+00:00,2000-01-18 00:00:00+00:00,1.0985867597569177,2.1971735195138353,0.0014912552606678921,0.004256113256463329,0.004256113256463329
17,S5,2000-01-18 00:00:00+00:00,2000-01-18 00:00:00+00:00,-0.5428919317301868,-1.0857838634603736,0.016524688384477626,0.019264848774615987,0.019264848774615987
17,S6,2000-01-18 00:00:00+00:00,2000-01-18 00:00:00+00:00,-0.051190412691676575,-0.10238082538335315,0.035694472040683184,0.036282312159165254,0.036282312159165254
17,S7,2000-01-18 00:00:00+00:00,2000-01-18 00:00:00+00:00,-0.7932964032030436,-1.5865928064060872,0.016571809454596645,0.013586917224506405,0.013586917224506405
18,S0,2000-01-19 00:00:00+00:00,2000-01-19 00:00:00+00:00,-0.6260730997201972,-1.2521461994403944,-0.02534620046210239,-0.02695277232350618,-0.02695277232350618
18,S1,2000-01-19 00:00:00+00:00,2000-01-19 00:00:00+00:00,-1.2777251516511705,-2.555450303302341,-0.007117510703033679,-0.005737160941049385,-0.005737160941049385
18,S2,2000-01-19 00:00:00+00:00,2000-01-19 00:00:00+00:00,1.2570693137143927,2.5141386274287854,0.021265146339704888,0.019470945808137873,0.019470945808137873
18,S3,2000-01-19 00:00:00+00:00,2000-01-19 00:00:00+00:00,-0.15408757320601318,-0.30817514641202637,-0.01662636166616942,-0.01420626689093912,-0.01420626689093912
18,S4,2000-01-19 00:00:00+00:00,2000-01-19 00:00:00+00:00,0.9659216187288089,1.9318432374576178,-0.011994953202128804,-0.013932245248974559,-0.013932245248974559
18,S5,2000-01-19 00:00:00+00:00,2000-01-19 00:00:00+00:00,0.01332459691325976,0.02664919382651952,0.008246478482371943,0.009108714695375924,0.009108714695375924
18,S6,2000-01-19 00:00:00+00:00,2000-01-19 00:00:00+00:00,-0.6944035277028942,-1.3888070554057883,-0.005422448893802157,-0.006869400366002505,-0.006869400366002505
18,S7,2000-01-19 00:00:00+00:00,2000-01-19 00:00:00+00:00,-0.3266852600022522,-0.6533705200045044,-0.022882072214455713,-0.02403617494297077,-0.02403617494297077
19,S0,2000-01-20 00:00:00+00:00,2000-01-20 00:00:00+00:00,-0.5602310505028996,-1.1204621010057991,-0.007573220637305178,-0.006923071340175767,-0.006923071340175767
19,S1,2000-01-20 00:00:00+00:00,2000-01-20 00:00:00+00:00,0.007959099184913658,0.015918198369827316,-0.009725998328467014,-0.010289049082190735,-0.010289049082190735
19,S2,2000-01-20 00:00:00+00:00,2000-01-20 00:00:00+00:00,-0.3752668396769557,-0.7505336793539114,0.0017232345868581286,0.003957014499907447,0.003957014499907447
19,S3,2000-01-20 00:00:00+00:00,2000-01-20 00:00:00+00:00,-0.29992171594179834,-0.5998434318835967,0.0012176609949971493,0.0014596327241948456,0.0014596327241948456
19,S4,2000-01-20 00:00:00+00:00,2000-01-20 00:00:00+00:00,-1.3785746841359137,-2.7571493682718273,0.014834809189172902,0.012756458794918706,0.012756458794918706
19,S5,2000-01-20 00:00:00+00:00,2000-01-20 00:00:00+00:00,-0.8068459276211205,-1.613691855242241,0.016554856426096942,0.008431643804793163,0.008431643804793163
19,S6,2000-01-20 00:00:00+00:00,2000-01-20 00:00:00+00:00,1.65405754880043,3.30811509760086,-0.014506372848795232,-0.01582272782967991,-0.01582272782967991
19,S7,2000-01-20 00:00:00+00:00,2000-01-20 00:00:00+00:00,-0.6712332162517173,-1.3424664325034346,0.00451694802952594,0.00443397699238123,0.00443397699238123
20,S0,2000-01-21 00:00:00+00:00,2000-01-21 00:00:00+00:00,-1.0540937876234928,-2.1081875752469856,0.00582646053298384,0.007950612931087899,0.007950612931087899
20,S1,2000-01-21 00:00:00+00:00,2000-01-21 00:00:00+00:00,0.33732633257503086,0.6746526651500617,0.008931532820661513,0.006900497622274182,0.006900497622274182
20,S2,2000-01-21 00:00:00+00:00,2000-01-21 00:00:00+00:00,1.407272199556532,2.814544399113064,0.01637780064164716,0.019792986973899154,0.019792986973899154
20,S3,2000-01-21 00:00:00+00:00,2000-01-21 00:00:00+00:00,-1.454024302481208,-2.908048604962416,-0.017049655453078412,-0.015346748813495384,-0.015346748813495384
20,S4,2000-01-21 00:00:00+00:00,2000-01-21 00:00:00+00:00,-0.20852184825127065,-0.4170436965025413,-0.015758171673146245,-0.01638356151581206,-0.01638356151581206
20,S5,2000-01-21 00:00:00+00:00,2000-01-21 00:00:00+00:00,-0.6320525539349078,-1.2641051078698156,0.007625330269086718,0.010135843449378623,0.010135843449378623
20,S6,2000-01-21 00:00:00+00:00,2000-01-21 00:00:00+00:00,-1.7610194743274028,-3.5220389486548056,-0.021316416321146125,-0.024313044683114467,-0.024313044683114467
20,S7,2000-01-21 00:00:00+00:00,2000-01-21 00:00:00+00:00,0.7349267092583915,1.469853418516783,-0.028640737755836435,-0.030740352868151185,-0.030740352868151185
21,S0,2000-01-22 00:00:00+00:00,2000-01-22 00:00:00+00:00,-0.02344391855484465,-0.0468878371096893,0.01466662374905274,0.015899048315405465,0.015899048315405465
21,S1,2000-01-22 00:00:00+00:00,2000-01-22 00:00:00+00:00,0.07144184429260535,0.1428836885852107,-0.011170114976303411,-0.009963681688090597,-0.009963681688090597
21,S2,2000-01-22 00:00:00+00:00,2000-01-22 00:00:00+00:00,-0.7523114724455892,-1.5046229448911783,-0.009724884490931354,-0.00698691408515777,-0.00698691408515777
21,S3,2000-01-22 00:00:00+00:00,2000-01-22 00:00:00+00:00,0.4547841629969166,0.9095683259938332,-0.021439260666029945,-0.01853722875169892,-0.01853722875169892
21,S4,2000-01-22 00:00:00+00:00,2000-01-22 00:00:00+00:00,-0.539297349487321,-1.078594698974642,-0.020631319532334588,-0.02142677838325651,-0.02142677838325651
21,S5,2000-01-22 00:00:00+00:00,2000-01-22 00:00:00+00:00,-0.1429032084967607,-0.2858064169935214,-0.016148545180133877,-0.01730712064385157,-0.01730712064385157
21,S6,2000-01-22 00:00:00+00:00,2000-01-22 00:00:00+00:00,-1.108260792181513,-2.216521584363026,-0.008616896413061164,-0.009229466124933628,-0.009229466124933628
21,S7,2000-01-22 00:00:00+00:00,2000-01-22 00:00:00+00:00,-1.2161027602081953,-2.4322055204163906,0.001739755608772385,0.0012988999212757684,0.0012988999212757684
22,S0,2000-01-23 00:00:00+00:00,2000-01-23 00:00:00+00:00,1.3355318553000226,2.671063710600045,-0.03924112259402317,-0.03802475944040842,-0.03802475944040842
22,S1,2000-01-23 00:00:00+00:00,2000-01-23 00:00:00+00:00,-0.5071047045384752,-1.0142094090769505,0.000985021121445225,0.00035446017586903376,0.00035446017586903376
22,S2,2000-01-23 00:00:00+00:00,2000-01-23 00:00:00+00:00,0.2916803563558019,0.5833607127116038,-0.02850853817978942,-0.025462969641653205,-0.025462969641653205
22,S3,2000-01-23 00:00:00+00:00,2000-01-23 00:00:00+00:00,-0.03379043476737232,-0.06758086953474464,-0.025105310222013833,-0.02502955673362782,-0.02502955673362782
22,S4,2000-01-23 00:00:00+00:00,2000-01-23 00:00:00+00:00,-0.44114520276218416,-0.8822904055243683,0.002368737859587959,-0.0004964686151712298,-0.0004964686151712298
22,S5,2000-01-23 00:00:00+00:00,2000-01-23 00:00:00+00:00,-0.5079609703372195,-1.015921940674439,-0.009488711082658367,-0.012051071494312187,-0.012051071494312187
22,S6,2000-01-23 00:00:00+00:00,2000-01-23 00:00:00+00:00,0.6300825914455861,1.2601651828911722,-0.030447835145059145,-0.029425895053075378,-0.029425895053075378
22,S7,2000-01-23 00:00:00+00:00,2000-01-23 00:00:00+00:00,-0.3018676045339098,-0.6037352090678196,0.016798999199069697,0.01756170126513255,0.01756170126513255
23,S0,2000-01-24 00:00:00+00:00,2000-01-24 00:00:00+00:00,-0.15144364817129202,-0.30288729634258404,-0.014931070446682902,-0.017604062562797677,-0.017604062562797677
23,S1,2000-01-24 00:00:00+00:00,2000-01-24 00:00:00+00:00,0.022221557194479512,0.044443114388959024,0.0032050380645997217,-0.0002903383880105445,-0.0002903383880105445
23,S2,2000-01-24 00:00:00+00:00,2000-01-24 00:00:00+00:00,1.1765083202520015,2.353016640504003,0.0005201692362297506,0.0036154246141250693,0.0036154246141250693
23,S3,2000-01-24 00:00:00+00:00,2000-01-24 00:00:00+00:00,0.6805109746331383,1.3610219492662765,0.0188550643637768,0.019802987430479705,0.019802987430479705
23,S4,2000-01-24 00:00:00+00:00,2000-01-24 00:00:00+00:00,0.3826002677279928,0.7652005354559857,-0.009015428906918808,-0.009393595356777105,-0.009393595356777105
23,S5,2000-01-24 00:00:00+00:00,2000-01-24 00:00:00+00:00,-0.5635713933532417,-1.1271427867064834,0.011132048878923034,0.008778095796325184,0.008778095796325184
23,S6,2000-01-24 00:00:00+00:00,2000-01-24 00:00:00+00:00,-1.3819687200064654,-2.763937440012931,-0.022518943742421433,-0.020745181610798524,-0.020745181610798524
23,S7,2000-01-24 00:00:00+00:00,2000-01-24 00:00:00+00:00,0.949529931735302,1.899059863470604,0.017738806461268648,0.01654108870847373,0.01654108870847373
24,S0,2000-01-25 00:00:00+00:00,2000-01-25 00:00:00+00:00,0.9664471342208761,1.9328942684417523,-0.005465680091421654,-0.004771213210358361,-0.004771213210358361
24,S1,2000-01-25 00:00:00+00:00,2000-01-25 00:00:00+00:00,-0.1407083991233403,-0.2814167982466806,0.0014893061695727362,-0.0031882023792250804,-0.0031882023792250804
24,S2,2000-01-25 00:00:00+00:00,2000-01-25 00:00:00+00:00,0.541883841603518,1.083767683207036,0.03418678376656708,0.033414801281385256,0.033414801281385256
24,S3,2000-01-25 00:00:00+00:00,2000-01-25 00:00:00+00:00,0.781443053885405,1.56288610777081,0.010326528727566241,0.010688110733802412,0.010688110733802412
24,S4,2000-01-25 00:00:00+00:00,2000-01-25 00:00:00+00:00,0.8311844526649818,1.6623689053299635,0.007015214717724398,0.0077788900976860165,0.0077788900976860165
24,S5,2000-01-25 00:00:00+00:00,2000-01-25 00:00:00+00:00,0.9213834732464707,1.8427669464929415,0.04215267874531131,0.04012404071465242,0.04012404071465242
24,S6,2000-01-25 00:00:00+00:00,2000-01-25 00:00:00+00:00,-0.45561765066113274,-0.9112353013222655,0.007678451604493019,0.006405647204343413,0.006405647204343413
24,S7,2000-01-25 00:00:00+00:00,2000-01-25 00:00:00+00:00,1.5149729826647176,3.029945965329435,-0.005639266260226698,-0.0033743999887844954,-0.0033743999887844954
25,S0,2000-01-26 00:00:00+00:00,2000-01-26 00:00:00+00:00,-1.2465930582857083,-2.4931861165714166,0.00771442229441021,0.007369224761008306,0.007369224761008306
25,S1,2000-01-26 00:00:00+00:00,2000-01-26 00:00:00+00:00,0.861723076993649,1.723446153987298,-0.015720995830144757,-0.012942144427413427,-0.012942144427413427
25,S2,2000-01-26 00:00:00+00:00,2000-01-26 00:00:00+00:00,0.4939320790307585,0.987864158061517,0.018628358172307527,0.02023665341701525,0.02023665341701525
25,S3,2000-01-26 00:00:00+00:00,2000-01-26 00:00:00+00:00,0.8736191135245024,1.7472382270490048,0.020230371067708877,0.022920319871133986,0.022920319871133986
25,S4,2000-01-26 00:00:00+00:00,2000-01-26 00:00:00+00:00,1.8790083070967372,3.7580166141934743,-0.0024947597585021648,0.00025782257000198615,0.00025782257000198615
25,S5,2000-01-26 00:00:00+00:00,2000-01-26 00:00:00+00:00,1.484445473378649,2.968890946757298,-0.0036139049013576225,-0.002144568826009687,-0.002144568826009687
25,S6,2000-01-26 00:00:00+00:00,2000-01-26 00:00:00+00:00,-1.145176907189325,-2.29035381437865,-0.002655207939516808,-0.0005969666737601917,-0.0005969666737601917
25,S7,2000-01-26 00:00:00+00:00,2000-01-26 00:00:00+00:00,-1.688671580267857,-3.377343160535714,-0.004236240791907659,-0.005206182024653512,-0.005206182024653512
26,S0,2000-01-27 00:00:00+00:00,2000-01-27 00:00:00+00:00,0.8168890590537966,1.6337781181075932,-0.0026923420424750633,-0.004202326956740223,-0.004202326956740223
26,S1,2000-01-27 00:00:00+00:00,2000-01-27 00:00:00+00:00,-1.015012415875923,-2.030024831751846,0.011086934620094425,0.011656699391318297,0.011656699391318297
26,S2,2000-01-27 00:00:00+00:00,2000-01-27 00:00:00+00:00,-0.0124053886475133,-0.0248107772950266,-0.025819735295556038,-0.023482325938507433,-0.023482325938507433
26,S3,2000-01-27 00:00:00+00:00,2000-01-27 00:00:00+00:00,0.839727477005194,1.679454954010388,0.005586625948631978,0.004061449094204448,0.004061449094204448
26,S4,2000-01-27 00:00:00+00:00,2000-01-27 00:00:00+00:00,-1.6437973511855861,-3.2875947023711722,-0.00959350483565716,-0.005438872817556733,-0.005438872817556733
26,S5,2000-01-27 00:00:00+00:00,2000-01-27 00:00:00+00:00,-2.1099804543094787,-4.219960908618957,-0.009311850445960487,-0.005343474030035317,-0.005343474030035317
26,S6,2000-01-27 00:00:00+00:00,2000-01-27 00:00:00+00:00,0.259299020337227,0.518598040674454,0.014212065902034651,0.012840985722024485,0.012840985722024485
26,S7,2000-01-27 00:00:00+00:00,2000-01-27 00:00:00+00:00,0.04438588961329704,0.08877177922659409,-0.00981940253328188,-0.011047361777794038,-0.011047361777794038
27,S0,2000-01-28 00:00:00+00:00,2000-01-28 00:00:00+00:00,-0.24580307138192253,-0.49160614276384507,0.010190394146747647,0.008323015507572083,0.008323015507572083
27,S1,2000-01-28 00:00:00+00:00,2000-01-28 00:00:00+00:00,0.03853476377021816,0.07706952754043632,-0.0025926550390805176,-0.0020696696301818257,-0.0020696696301818257
27,S2,2000-01-28 00:00:00+00:00,2000-01-28 00:00:00+00:00,-0.8605156073672797,-1.7210312147345594,-0.015339679238165616,-0.012716802562110944,-0.012716802562110944
27,S3,2000-01-28 00:00:00+00:00,2000-01-28 00:00:00+00:00,-1.5134944072721068,-3.0269888145442136,-0.027190426263782205,-0.026077868101960017,-0.026077868101960017
27,S4,2000-01-28 00:00:00+00:00,2000-01-28 00:00:00+00:00,-0.1666548508803217,-0.3333097017606434,-0.01688573484886595,-0.017934756934947994,-0.017934756934947994
27,S5,2000-01-28 00:00:00+00:00,2000-01-28 00:00:00+00:00,-0.9717086910493917,-1.9434173820987835,0.00036741723662524943,0.0019965383608038026,0.0019965383608038026
27,S6,2000-01-28 00:00:00+00:00,2000-01-28 00:00:00+00:00,-1.643481322411107,-3.286962644822214,-0.022052990832771357,-0.020553160388213636,-0.020553160388213636
27,S7,2000-01-28 00:00:00+00:00,2000-01-28 00:00:00+00:00,0.5056810713932767,1.0113621427865533,0.0005735655364472831,0.003464206297914907,0.003464206297914907
28,S0,2000-01-29 00:00:00+00:00,2000-01-29 00:00:00+00:00,-0.061398628422175805,-0.12279725684435161,0.027352553945053308,0.029779479923071166,0.029779479923071166
28,S1,2000-01-29 00:00:00+00:00,2000-01-29 00:00:00+00:00,0.40652853663281385,0.8130570732656277,0.03281493168031227,0.031211083492112924,0.031211083492112924
28,S2,2000-01-29 00:00:00+00:00,2000-01-29 00:00:00+00:00,-0.9892949414259369,-1.9785898828518738,0.03436735463544327,0.033544104761126625,0.033544104761126625
28,S3,2000-01-29 00:00:00+00:00,2000-01-29 00:00:00+00:00,-0.6580587918366578,-1.3161175836733157,0.004596305915294254,0.007018695095274193,0.007018695095274193
28,S4,2000-01-29 00:00:00+00:00,2000-01-29 00:00:00+00:00,-0.9990430272201656,-1.9980860544403312,-0.00843723560435029,-0.006178078070774605,-0.006178078070774605
28,S5,2000-01-29 00:00:00+00:00,2000-01-29 00:00:00+00:00,-0.8866418670580481,-1.7732837341160963,0.024638055474518868,0.02585664530297331,0.02585664530297331
28,S6,2000-01-29 00:00:00+00:00,2000-01-29 00:00:00+00:00,0.19540791774940214,0.3908158354988043,0.020532306848816764,0.019521019543954153,0.019521019543954153
28,S7,2000-01-29 00:00:00+00:00,2000-01-29 00:00:00+00:00,-0.7829746163349458,-1.5659492326698916,0.02538630101982791,0.02782269140120951,0.02782269140120951
29,S0,2000-01-30 00:00:00+00:00,2000-01-30 00:00:00+00:00,0.3560662888202746,0.7121325776405492,-0.0031324349021498547,-0.002704283121920564,-0.002704283121920564
29,S1,2000-01-30 00:00:00+00:00,2000-01-30 00:00:00+00:00,0.3397559254182162,0.6795118508364324,0.01060172007415075,0.014999324725600522,0.014999324725600522
29,S2,2000-01-30 00:00:00+00:00,2000-01-30 00:00:00+00:00,2.0251609868801026,4.050321973760205,0.013887530542512426,0.01650206590532252,0.01650206590532252
29,S3,2000-01-30 00:00:00+00:00,2000-01-30 00:00:00+00:00,-1.3927890458668095,-2.785578091733619,0.0016364295975459476,0.0008807680247852213,0.0008807680247852213
29,S4,2000-01-30 00:00:00+00:00,2000-01-30 00:00:00+00:00,0.8879023778350454,1.7758047556700909,0.008524130920744664,0.006810063335276521,0.006810063335276521
29,S5,2000-01-30 00:00:00+00:00,2000-01-30 00:00:00+00:00,-0.0894879618884183,-0.1789759237768366,-0.0010987912548756215,0.0013131439973711233,0.0013131439973711233
29,S6,2000-01-30 00:00:00+00:00,2000-01-30 00:00:00+00:00,-0.01402973013099694,-0.02805946026199388,-0.0024979261687726865,-0.0008549711583158695,-0.0008549711583158695
29,S7,2000-01-30 00:00:00+00:00,2000-01-30 00:00:00+00:00,-1.4498638219066111,-2.8997276438132222,-0.005191919983340667,-0.006705251037702571,-0.006705251037702571
30,S0,2000-01-31 00:00:00+00:00,2000-01-31 00:00:00+00:00,-0.4601938127246543,-0.9203876254493086,0.013695229184156225,0.0145681380342182,0.0145681380342182
30,S1,2000-01-31 00:00:00+00:00,2000-01-31 00:00:00+00:00,0.743197263443954,1.486394526887908,-0.004327424486228045,-0.003150911703167102,-0.003150911703167102
30,S2,2000-01-31 00:00:00+00:00,2000-01-31 00:00:00+00:00,-0.08247837201730518,-0.16495674403461036,0.028214698871740565,0.027261357905059194,0.027261357905059194
30,S3,2000-01-31 00:00:00+00:00,2000-01-31 00:00:00+00:00,0.08105437041126562,0.16210874082253124,0.000591327775146293,0.00028657365297821017,0.00028657365297821017
30,S4,2000-01-31 00:00:00+00:00,2000-01-31 00:00:00+00:00,-0.29071668060054134,-0.5814333612010827,0.017318295226935912,0.015173860555651602,0.015173860555651602
30,S5,2000-01-31 00:00:00+00:00,2000-01-31 00:00:00+00:00,1.1545697469862868,2.3091394939725736,0.00632709517538992,0.004820655522833764,0.004820655522833764
30,S6,2000-01-31 00:00:00+00:00,2000-01-31 00:00:00+00:00,-0.021472567043494796,-0.04294513408698959,-0.0034748448802005647,-0.002229885847907077,-0.002229885847907077
30,S7,2000-01-31 00:00:00+00:00,2000-01-31 00:00:00+00:00,-2.200415672482062,-4.400831344964124,0.02291102316105641,0.023237953947754714,0.023237953947754714
31,S0,2000-02-01 00:00:00+00:00,2000-02-01 00:00:00+00:00,-0.6920725504744906,-1.3841451009489811,-0.01911480390167759,-0.01890636935551942,-0.01890636935551942
31,S1,2000-02-01 00:00:00+00:00,2000-02-01 00:00:00+00:00,-1.968796607080243,-3.937593214160486,-0.04134263453949681,-0.03853134524405643,-0.03853134524405643
31,S2,2000-02-01 00:00:00+00:00,2000-02-01 00:00:00+00:00,-3.2514384154965383,-6.502876830993077,-0.03725744481762305,-0.03521489342289799,-0.03521489342289799
31,S3,2000-02-01 00:00:00+00:00,2000-02-01 00:00:00+00:00,-0.5301153497723121,-1.0602306995446242,-0.01651248679241936,-0.018376788077313057,-0.018376788077313057
31,S4,2000-02-01 00:00:00+00:00,2000-02-01 00:00:00+00:00,1.3335598501027237,2.6671197002054474,0.022889688704056367,0.026164209815576732,0.026164209815576732
31,S5,2000-02-01 00:00:00+00:00,2000-02-01 00:00:00+00:00,0.04711990613059292,0.09423981226118584,-0.006297479197495409,-0.008208088767983714,-0.008208088767983714
31,S6,2000-02-01 00:00:00+00:00,2000-02-01 00:00:00+00:00,-1.1725457074049794,-2.345091414809959,-0.0016809686287455811,-0.0021673892082312678,-0.0021673892082312678
31,S7,2000-02-01 00:00:00+00:00,2000-02-01 00:00:00+00:00,-0.9406998682024224,-1.8813997364048447,-0.030650075986644598,-0.030284706201611743,-0.030284706201611743
32,S0,2000-02-02 00:00:00+00:00,2000-02-02 00:00:00+00:00,1.1306132302500087,2.2612264605000174,0.003287329991629683,0.0022927784948299657,0.0022927784948299657
32,S1,2000-02-02 00:00:00+00:00,2000-02-02 00:00:00+00:00,0.15762662339846478,0.31525324679692956,0.004054220278629909,0.0031838829469535354,0.0031838829469535354
32,S2,2000-02-02 00:00:00+00:00,2000-02-02 00:00:00+00:00,0.04799924156205696,0.09599848312411392,0.02203910460700484,0.019697602525626235,0.019697602525626235
32,S3,2000-02-02 00:00:00+00:00,2000-02-02 00:00:00+00:00,-0.05346178883805718,-0.10692357767611436,-0.019066082476918114,-0.018176702652799186,-0.018176702652799186
32,S4,2000-02-02 00:00:00+00:00,2000-02-02 00:00:00+00:00,0.038400261555346496,0.07680052311069299,0.0011431563502994307,0.0016871442140417746,0.0016871442140417746
32,S5,2000-02-02 00:00:00+00:00,2000-02-02 00:00:00+00:00,0.8054056469437983,1.6108112938875967,-0.0003372698453154724,0.00024158244198783322,0.00024158244198783322
32,S6,2000-02-02 00:00:00+00:00,2000-02-02 00:00:00+00:00,0.5525672973560755,1.105134594712151,-0.01694047460025341,-0.020634250241142627,-0.020634250241142627
32,S7,2000-02-02 00:00:00+00:00,2000-02-02 00:00:00+00:00,0.21570470002449457,0.43140940004898914,-0.005134296148582662,-0.006947823506282002,-0.006947823506282002
33,S0,2000-02-03 00:00:00+00:00,2000-02-03 00:00:00+00:00,-1.0428683575900106,-2.0857367151800212,-0.002091866261481964,-0.00015244130781768422,-0.00015244130781768422
33,S1,2000-02-03 00:00:00+00:00,2000-02-03 00:00:00+00:00,0.511108764909727,1.022217529819454,-0.02561825713697191,-0.024864890563974635,-0.024864890563974635
33,S2,2000-02-03 00:00:00+00:00,2000-02-03 00:00:00+00:00,-0.6842470779924941,-1.3684941559849881,0.012714051190083512,0.014214204319351683,0.014214204319351683
33,S3,2000-02-03 00:00:00+00:00,2000-02-03 00:00:00+00:00,1.0938456759004787,2.1876913518009573,0.020394212333005066,0.020450189765343074,0.020450189765343074
33,S4,2000-02-03 00:00:00+00:00,2000-02-03 00:00:00+00:00,-1.2710508217241274,-2.542101643448255,-0.0033505229641023243,-0.0036970694312485897,-0.0036970694312485897
33,S5,2000-02-03 00:00:00+00:00,2000-02-03 00:00:00+00:00,-0.13762097627558853,-0.27524195255117706,-0.008138103468985216,-0.01265775730873461,-0.01265775730873461
33,S6,2000-02-03 00:00:00+00:00,2000-02-03 00:00:00+00:00,-0.007358286291270949,-0.014716572582541897,0.026394403059694,0.030139935627412455,0.030139935627412455
33,S7,2000-02-03 00:00:00+00:00,2000-02-03 00:00:00+00:00,-1.3246455506441366,-2.649291101288273,0.008644724710440557,0.006662562873918619,0.006662562873918619
34,S0,2000-02-04 00:00:00+00:00,2000-02-04 00:00:00+00:00,1.721971643856479,3.443943287712958,0.01727626061863442,0.016481589380728294,0.016481589380728294
34,S1,2000-02-04 00:00:00+00:00,2000-02-04 00:00:00+00:00,1.4604067672595522,2.9208135345191044,0.019849727285146234,0.021339637414696497,0.021339637414696497
34,S2,2000-02-04 00:00:00+00:00,2000-02-04 00:00:00+00:00,-0.46358376160908316,-0.9271675232181663,-0.015705547409742407,-0.015324753416153598,-0.015324753416153598
34,S3,2000-02-04 00:00:00+00:00,2000-02-04 00:00:00+00:00,0.7717211655645232,1.5434423311290464,0.008537630347997397,0.009612386046997642,0.009612386046997642
34,S4,2000-02-04 00:00:00+00:00,2000-02-04 00:00:00+00:00,0.37867606967021183,0.7573521393404237,-0.007738350836105577,-0.007759347531242763,-0.007759347531242763
34,S5,2000-02-04 00:00:00+00:00,2000-02-04 00:00:00+00:00,-2.613559463345258,-5.227118926690516,-0.01510821840781959,-0.017049284080751192,-0.017049284080751192
34,S6,2000-02-04 00:00:00+00:00,2000-02-04 00:00:00+00:00,0.2503980162775905,0.500796032555181,-0.00906452581426988,-0.005939458789341866,-0.005939458789341866
34,S7,2000-02-04 00:00:00+00:00,2000-02-04 00:00:00+00:00,-0.061344079833248494,-0.12268815966649699,-0.0033653500488792297,-0.005921976911030487,-0.005921976911030487
35,S0,2000-02-05 00:00:00+00:00,2000-02-05 00:00:00+00:00,0.08321735347453037,0.16643470694906073,0.019399035025444104,0.020226323452346803,0.020226323452346803
35,S1,2000-02-05 00:00:00+00:00,2000-02-05 00:00:00+00:00,-1.0768749198271783,-2.1537498396543566,0.0036712983498895244,0.0007339643301290451,0.0007339643301290451
35,S2,2000-02-05 00:00:00+00:00,2000-02-05 00:00:00+00:00,-0.2693470462204049,-0.5386940924408098,0.0005505879476324485,-0.0001993283617444698,-0.0001993283617444698
35,S3,2000-02-05 00:00:00+00:00,2000-02-05 00:00:00+00:00,-0.17825876338229713,-0.35651752676459425,0.000721078770345566,-0.0016770424822697763,-0.0016770424822697763
35,S4,2000-02-05 00:00:00+00:00,2000-02-05 00:00:00+00:00,1.1880942172123188,2.3761884344246376,0.01411604490593148,0.013056140150935876,0.013056140150935876
35,S5,2000-02-05 00:00:00+00:00,2000-02-05 00:00:00+00:00,0.33442706039101433,0.6688541207820287,-0.006798769439886354,-0.00890126166404602,-0.00890126166404602
35,S6,2000-02-05 00:00:00+00:00,2000-02-05 00:00:00+00:00,-0.005555030202663769,-0.011110060405327539,-0.00433914278472897,-0.004378045535051537,-0.004378045535051537
35,S7,2000-02-05 00:00:00+00:00,2000-02-05 00:00:00+00:00,1.5289699979109401,3.0579399958218803,0.00677429663215829,0.008515722319043533,0.008515722319043533
36,S0,2000-02-06 00:00:00+00:00,2000-02-06 00:00:00+00:00,-0.5552479297636472,-1.1104958595272945,-0.00980385226203989,-0.011079341546288491,-0.011079341546288491
36,S1,2000-02-06 00:00:00+00:00,2000-02-06 00:00:00+00:00,-0.3894303048753847,-0.7788606097507694,-0.0023521384795741917,-0.003705488657663049,-0.003705488657663049
36,S2,2000-02-06 00:00:00+00:00,2000-02-06 00:00:00+00:00,-1.8167550113390598,-3.6335100226781196,-0.012661732854442654,-0.016799298133249714,-0.016799298133249714
36,S3,2000-02-06 00:00:00+00:00,2000-02-06 00:00:00+00:00,1.5691058462836123,3.1382116925672245,0.031875010636045226,0.03596516492646064,0.03596516492646064
36,S4,2000-02-06 00:00:00+00:00,2000-02-06 00:00:00+00:00,0.9643323681944285,1.928664736388857,0.02295588830450058,0.023422615438386973,0.023422615438386973
36,S5,2000-02-06 00:00:00+00:00,2000-02-06 00:00:00+00:00,0.9168480445117076,1.8336960890234153,0.01210471008554498,0.010046049479905055,0.010046049479905055
36,S6,2000-02-06 00:00:00+00:00,2000-02-06 00:00:00+00:00,0.6688984464469374,1.3377968928938748,-0.0010823121313141846,0.001500690869596412,0.001500690869596412
36,S7,2000-02-06 00:00:00+00:00,2000-02-06 00:00:00+00:00,0.110148587663652,0.220297175327304,0.03240574679978688,0.03293143164853438,0.03293143164853438
37,S0,2000-02-07 00:00:00+00:00,2000-02-07 00:00:00+00:00,0.21548893918232892,0.43097787836465784,0.003615991180933557,-0.0005610443682918112,-0.0005610443682918112
37,S1,2000-02-07 00:00:00+00:00,2000-02-07 00:00:00+00:00,-0.2520065902673078,-0.5040131805346156,-0.005805855787438154,-0.00857800272522755,-0.00857800272522755
37,S2,2000-02-07 00:00:00+00:00,2000-02-07 00:00:00+00:00,-0.20360042572294623,-0.40720085144589246,-0.004366008066660328,-0.0025347997967403455,-0.0025347997967403455
37,S3,2000-02-07 00:00:00+00:00,2000-02-07 00:00:00+00:00,0.05430361171369427,0.10860722342738854,0.0013315916006615526,-0.0014609312030918918,-0.0014609312030918918
37,S4,2000-02-07 00:00:00+00:00,2000-02-07 00:00:00+00:00,1.5118295115637772,3.0236590231275544,0.02324229517560332,0.020934789897385606,0.020934789897385606
37,S5,2000-02-07 00:00:00+00:00,2000-02-07 00:00:00+00:00,0.5556879018080786,1.1113758036161572,-0.0028364946334871735,-0.00432901252615204,-0.00432901252615204
37,S6,2000-02-07 00:00:00+00:00,2000-02-07 00:00:00+00:00,-0.058460125758861455,-0.11692025151772291,0.025687542914572155,0.024988738111697894,0.024988738111697894
37,S7,2000-02-07 00:00:00+00:00,2000-02-07 00:00:00+00:00,-0.5793920504433961,-1.1587841008867923,-0.021402076911028547,-0.02181518084792476,-0.02181518084792476
38,S0,2000-02-08 00:00:00+00:00,2000-02-08 00:00:00+00:00,-0.6349984874116595,-1.269996974823319,0.003973990293970931,0.005781263659013063,0.005781263659013063
38,S1,2000-02-08 00:00:00+00:00,2000-02-08 00:00:00+00:00,1.6027050111724899,3.2054100223449797,-0.011804660464796902,-0.01070607725015009,-0.01070607725015009
38,S2,2000-02-08 00:00:00+00:00,2000-02-08 00:00:00+00:00,0.5066873042271038,1.0133746084542077,0.028599738336613695,0.02719376792114492,0.02719376792114492
38,S3,2000-02-08 00:00:00+00:00,2000-02-08 00:00:00+00:00,0.06755055831065467,0.13510111662130933,-0.006557779668252085,-0.006777774995277975,-0.006777774995277975
38,S4,2000-02-08 00:00:00+00:00,2000-02-08 00:00:00+00:00,-0.34618184215272274,-0.6923636843054455,-0.0007024652082010491,-0.00434706209092007,-0.00434706209092007
38,S5,2000-02-08 00:00:00+00:00,2000-02-08 00:00:00+00:00,-1.1090534117005277,-2.2181068234010555,0.0066079948577386655,0.007337844302612749,0.007337844302612749
38,S6,2000-02-08 00:00:00+00:00,2000-02-08 00:00:00+00:00,-0.06686155746989603,-0.13372311493979205,0.011602349839155987,0.016473168385420768,0.016473168385420768
38,S7,2000-02-08 00:00:00+00:00,2000-02-08 00:00:00+00:00,0.873658034470201,1.747316068940402,-0.01600281723640212,-0.0152730160560666,-0.0152730160560666
39,S0,2000-02-09 00:00:00+00:00,2000-02-09 00:00:00+00:00,-0.39253724683749003,-0.7850744936749801,-0.009351631333165192,-0.009847935669853205,-0.009847935669853205
39,S1,2000-02-09 00:00:00+00:00,2000-02-09 00:00:00+00:00,-0.2272425830005601,-0.4544851660011202,-0.024211062867227524,-0.024918221231879107,-0.024918221231879107
39,S2,2000-02-09 00:00:00+00:00,2000-02-09 00:00:00+00:00,-0.22103435143897837,-0.44206870287795674,-0.0018329943291509783,-0.0019099619430034249,-0.0019099619430034249
39,S3,2000-02-09 00:00:00+00:00,2000-02-09 00:00:00+00:00,0.10959436799816868,0.21918873599633737,-0.005873674057005573,-0.004167612363007611,-0.004167612363007611
39,S4,2000-02-09 00:00:00+00:00,2000-02-09 00:00:00+00:00,-1.593010878745609,-3.186021757491218,-0.011754712830066651,-0.014691455664256232,-0.014691455664256232
39,S5,2000-02-09 00:00:00+00:00,2000-02-09 00:00:00+00:00,-0.235398351965091,-0.470796703930182,-0.015681565441761407,-0.014293915299249832,-0.014293915299249832
39,S6,2000-02-09 00:00:00+00:00,2000-02-09 00:00:00+00:00,-0.8543955181540714,-1.7087910363081429,-0.010924145837046293,-0.012291580838214584,-0.012291580838214584
39,S7,2000-02-09 00:00:00+00:00,2000-02-09 00:00:00+00:00,0.8845850325626053,1.7691700651252107,-0.011374534756573084,-0.010742991758586635,-0.010742991758586635
40,S0,2000-02-10 00:00:00+00:00,2000-02-10 00:00:00+00:00,-0.7705986765648598,-1.5411973531297196,-0.0005261182355275123,0.0019278377133847713,0.0019278377133847713
40,S1,2000-02-10 00:00:00+00:00,2000-02-10 00:00:00+00:00,0.5770467473006955,1.154093494601391,0.024899193343091635,0.022123242486525592,0.022123242486525592
40,S2,2000-02-10 00:00:00+00:00,2000-02-10 00:00:00+00:00,1.5244374527267601,3.0488749054535202,-0.03086752692481748,-0.025787307028375863,-0.025787307028375863
40,S3,2000-02-10 00:00:00+00:00,2000-02-10 00:00:00+00:00,-0.3135962612816255,-0.627192522563251,-0.007677177533108395,-0.005918092996945723,-0.005918092996945723
40,S4,2000-02-10 00:00:00+00:00,2000-02-10 00:00:00+00:00,-0.6015762521234661,-1.2031525042469322,-0.010789928364898066,-0.01160307683065304,-0.01160307683065304
40,S5,2000-02-10 00:00:00+00:00,2000-02-10 00:00:00+00:00,0.1914322591260928,0.3828645182521856,0.004460555870337336,0.005227062653276188,0.005227062653276188
40,S6,2000-02-10 00:00:00+00:00,2000-02-10 00:00:00+00:00,-0.0020290276090286124,-0.004058055218057225,-0.01575791437503573,-0.017208816581339447,-0.017208816581339447
40,S7,2000-02-10 00:00:00+00:00,2000-02-10 00:00:00+00:00,-0.9936163473397114,-1.9872326946794228,-0.009345960073511957,-0.009095198060498078,-0.009095198060498078
41,S0,2000-02-11 00:00:00+00:00,2000-02-11 00:00:00+00:00,0.4609194157133795,0.921838831426759,-0.010185658392714613,-0.009228555808759371,-0.009228555808759371
41,S1,2000-02-11 00:00:00+00:00,2000-02-11 00:00:00+00:00,2.015516053475408,4.031032106950816,0.02731102213772079,0.02303418113155816,0.02303418113155816
41,S2,2000-02-11 00:00:00+00:00,2000-02-11 00:00:00+00:00,-0.25811199526572426,-0.5162239905314485,0.004489427396464362,0.004978320733876145,0.004978320733876145
41,S3,2000-02-11 00:00:00+00:00,2000-02-11 00:00:00+00:00,-0.2028761960646632,-0.4057523921293264,0.0009238882544718426,0.0012880259978530328,0.0012880259978530328
41,S4,2000-02-11 00:00:00+00:00,2000-02-11 00:00:00+00:00,-1.0449320235690858,-2.0898640471381715,0.003680034473194432,0.005894740106443536,0.005894740106443536
41,S5,2000-02-11 00:00:00+00:00,2000-02-11 00:00:00+00:00,0.3190884516865476,0.6381769033730952,0.0005573771502585115,0.0021007535028467117,0.0021007535028467117
41,S6,2000-02-11 00:00:00+00:00,2000-02-11 00:00:00+00:00,-1.2469762247076281,-2.4939524494152563,-0.02251980614987562,-0.023773570377918284,-0.023773570377918284
41,S7,2000-02-11 00:00:00+00:00,2000-02-11 00:00:00+00:00,-1.1069310243514836,-2.213862048702967,0.010113064891481673,0.009029881317157745,0.009029881317157745
42,S0,2000-02-12 00:00:00+00:00,2000-02-12 00:00:00+00:00,1.2796672718437896,2.559334543687579,0.013315998822738486,0.01335678897073669,0.01335678897073669
42,S1,2000-02-12 00:00:00+00:00,2000-02-12 00:00:00+00:00,-0.9054530593946442,-1.8109061187892883,-0.0034640083951277684,-0.002018938934252215,-0.002018938934252215
42,S2,2000-02-12 00:00:00+00:00,2000-02-12 00:00:00+00:00,1.0813575693313382,2.1627151386626764,0.024343818141853726,0.023013371563328174,0.023013371563328174
42,S3,2000-02-12 00:00:00+00:00,2000-02-12 00:00:00+00:00,1.524358003782807,3.048716007565614,0.02483792404759486,0.028288932588508998,0.028288932588508998
42,S4,2000-02-12 00:00:00+00:00,2000-02-12 00:00:00+00:00,0.2593264574767428,0.5186529149534856,-0.012157660257920942,-0.01143286635541636,-0.01143286635541636
42,S5,2000-02-12 00:00:00+00:00,2000-02-12 00:00:00+00:00,0.5533914028508236,1.106782805701647,-0.006133842710003911,-0.005588508141875226,-0.005588508141875226
42,S6,2000-02-12 00:00:00+00:00,2000-02-12 00:00:00+00:00,1.9522509436867783,3.9045018873735566,0.03320005562380858,0.03493234753776435,0.03493234753776435
42,S7,2000-02-12 00:00:00+00:00,2000-02-12 00:00:00+00:00,-0.19672840206571665,-0.3934568041314333,0.024677327597483086,0.0244099317171063,0.0244099317171063
43,S0,2000-02-13 00:00:00+00:00,2000-02-13 00:00:00+00:00,-0.5930057969416156,-1.1860115938832312,-0.01828587355554301,-0.01691247429632026,-0.01691247429632026
43,S1,2000-02-13 00:00:00+00:00,2000-02-13 00:00:00+00:00,-1.3532310647829418,-2.7064621295658835,-0.02823175053158057,-0.026588129222443874,-0.026588129222443874
43,S2,2000-02-13 00:00:00+00:00,2000-02-13 00:00:00+00:00,0.041707080346346355,0.08341416069269271,-0.009290347917961003,-0.012861239164416637,-0.012861239164416637
43,S3,2000-02-13 00:00:00+00:00,2000-02-13 00:00:00+00:00,1.4791442109183066,2.9582884218366132,-0.003570475167765601,-0.005019723438353295,-0.005019723438353295
43,S4,2000-02-13 00:00:00+00:00,2000-02-13 00:00:00+00:00,0.9595953814008653,1.9191907628017306,-0.021019588936045237,-0.023387160132459683,-0.023387160132459683
43,S5,2000-02-13 00:00:00+00:00,2000-02-13 00:00:00+00:00,-0.9420912414179574,-1.8841824828359148,-0.006693702512878341,-0.006765410354195284,-0.006765410354195284
43,S6,2000-02-13 00:00:00+00:00,2000-02-13 00:00:00+00:00,-0.855375383832596,-1.710750767665192,-0.024188721303818835,-0.0260887393612155,-0.0260887393612155
43,S7,2000-02-13 00:00:00+00:00,2000-02-13 00:00:00+00:00,-0.5041712293409636,-1.0083424586819272,-0.02210316321601505,-0.02363708384774904,-0.02363708384774904
44,S0,2000-02-14 00:00:00+00:00,2000-02-14 00:00:00+00:00,0.2922680824953417,0.5845361649906834,0.011867946228777685,0.0094680518409376,0.0094680518409376
44,S1,2000-02-14 00:00:00+00:00,2000-02-14 00:00:00+00:00,-0.20531142710368377,-0.41062285420736755,-0.011799902412947254,-0.01651170166366147,-0.01651170166366147
44,S2,2000-02-14 00:00:00+00:00,2000-02-14 00:00:00+00:00,0.21445394544308127,0.42890789088616255,-0.0061350035432518385,-0.005656868772979721,-0.005656868772979721
44,S3,2000-02-14 00:00:00+00:00,2000-02-14 00:00:00+00:00,0.2967393780454473,0.5934787560908946,0.005675560582041999,0.0051807860242819356,0.0051807860242819356
44,S4,2000-02-14 00:00:00+00:00,2000-02-14 00:00:00+00:00,-0.2987735866784475,-0.597547173356895,0.005435299831827109,0.005560649911619227,0.005560649911619227
44,S5,2000-02-14 00:00:00+00:00,2000-02-14 00:00:00+00:00,-0.040173941602943734,-0.08034788320588747,-0.017712077219622997,-0.0106586145213385,-0.0106586145213385
44,S6,2000-02-14 00:00:00+00:00,2000-02-14 00:00:00+00:00,0.20659237721603418,0.41318475443206837,-0.006768460632756096,-0.003954485134352172,-0.003954485134352172
44,S7,2000-02-14 00:00:00+00:00,2000-02-14 00:00:00+00:00,-0.08396970353317602,-0.16793940706635205,-0.018141097638140573,-0.01815958547808933,-0.01815958547808933
45,S0,2000-02-15 00:00:00+00:00,2000-02-15 00:00:00+00:00,0.5035208649940508,1.0070417299881016,0.03116800790549115,0.029918802913971386,0.029918802913971386
45,S1,2000-02-15 00:00:00+00:00,2000-02-15 00:00:00+00:00,1.8708757733280048,3.7417515466560096,0.0177580041516205,0.01892677436686914,0.01892677436686914
45,S2,2000-02-15 00:00:00+00:00,2000-02-15 00:00:00+00:00,0.5919722847708305,1.183944569541661,-0.010231322930657209,-0.012486683552697261,-0.012486683552697261
45,S3,2000-02-15 00:00:00+00:00,2000-02-15 00:00:00+00:00,0.05581054640855185,0.1116210928171037,0.004531407260113765,0.0019781357255892282,0.0019781357255892282
45,S4,2000-02-15 00:00:00+00:00,2000-02-15 00:00:00+00:00,-1.6861186233619148,-3.3722372467238295,0.004812586234862593,0.005652824824054083,0.005652824824054083
45,S5,2000-02-15 00:00:00+00:00,2000-02-15 00:00:00+00:00,0.38795708601520174,0.7759141720304035,0.01327268867521407,0.010437016849701747,0.010437016849701747
45,S6,2000-02-15 00:00:00+00:00,2000-02-15 00:00:00+00:00,-1.9466784117672074,-3.8933568235344147,0.024836818729900338,0.02134486213064701,0.02134486213064701
45,S7,2000-02-15 00:00:00+00:00,2000-02-15 00:00:00+00:00,-1.409034086156122,-2.818068172312244,0.017560660226366702,0.016642674360236615,0.016642674360236615
46,S0,2000-02-16 00:00:00+00:00,2000-02-16 00:00:00+00:00,0.8546392524687652,1.7092785049375303,-0.007243967687776945,-0.00527113232802636,-0.00527113232802636
46,S1,2000-02-16 00:00:00+00:00,2000-02-16 00:00:00+00:00,0.7062350601366643,1.4124701202733285,0.003815334751060177,0.0008871402631091465,0.0008871402631091465
46,S2,2000-02-16 00:00:00+00:00,2000-02-16 00:00:00+00:00,-0.14993899834888477,-0.29987799669776954,-0.020758326706301306,-0.020422969358541918,-0.020422969358541918
46,S3,2000-02-16 00:00:00+00:00,2000-02-16 00:00:00+00:00,-1.7100111061522156,-3.4200222123044313,-0.004460412891142106,-0.0036983421517707807,-0.0036983421517707807
46,S4,2000-02-16 00:00:00+00:00,2000-02-16 00:00:00+00:00,-0.37134851689085024,-0.7426970337817005,0.0004067571269216405,0.00017982935512806655,0.00017982935512806655
46,S5,2000-02-16 00:00:00+00:00,2000-02-16 00:00:00+00:00,-0.678738318216024,-1.357476636432048,0.036156793222135254,0.037237197195917913,0.037237197195917913
46,S6,2000-02-16 00:00:00+00:00,2000-02-16 00:00:00+00:00,0.6368407461302101,1.2736814922604203,0.005551758113392777,0.0034108970771614643,0.0034108970771614643
46,S7,2000-02-16 00:00:00+00:00,2000-02-16 00:00:00+00:00,2.2577305324275314,4.515461064855063,-0.0214165080019127,-0.022967956050559794,-0.022967956050559794
47,S0,2000-02-17 00:00:00+00:00,2000-02-17 00:00:00+00:00,0.21693048795465586,0.4338609759093117,-0.0006080489448431442,-0.0030438805740510763,-0.0030438805740510763
47,S1,2000-02-17 00:00:00+00:00,2000-02-17 00:00:00+00:00,-0.7793111280321169,-1.5586222560642338,0.005898405698661403,0.004737688435446318,0.004737688435446318
47,S2,2000-02-17 00:00:00+00:00,2000-02-17 00:00:00+00:00,-1.1705515303032201,-2.3411030606064402,-0.018942072210769562,-0.017352740735406255,-0.017352740735406255
47,S3,2000-02-17 00:00:00+00:00,2000-02-17 00:00:00+00:00,-0.05609428076827262,-0.11218856153654524,-0.007382063166130706,-0.007062797609147924,-0.007062797609147924
47,S4,2000-02-17 00:00:00+00:00,2000-02-17 00:00:00+00:00,-0.17679319351358783,-0.35358638702717565,0.001728744210198757,-2.2015122777223513e-05,-2.2015122777223513e-05
47,S5,2000-02-17 00:00:00+00:00,2000-02-17 00:00:00+00:00,-1.1515191595274716,-2.3030383190549433,0.0058769094676640096,0.006690792653572981,0.006690792653572981
47,S6,2000-02-17 00:00:00+00:00,2000-02-17 00:00:00+00:00,0.1163552356921842,0.2327104713843684,0.00999493151066961,0.004154985549283164,0.004154985549283164
47,S7,2000-02-17 00:00:00+00:00,2000-02-17 00:00:00+00:00,-1.1509135213108617,-2.3018270426217233,-0.012257051078142815,-0.011772446622248793,-0.011772446622248793
48,S0,2000-02-18 00:00:00+00:00,2000-02-18 00:00:00+00:00,1.1121072717293008,2.2242145434586016,0.031022630308480723,0.0321954090280244,0.0321954090280244
48,S1,2000-02-18 00:00:00+00:00,2000-02-18 00:00:00+00:00,1.0626506057881553,2.1253012115763106,0.01438560758725067,0.012087802103964856,0.012087802103964856
48,S2,2000-02-18 00:00:00+00:00,2000-02-18 00:00:00+00:00,1.0847512652964209,2.1695025305928417,0.014276609317107392,0.012781133833689484,0.012781133833689484
48,S3,2000-02-18 00:00:00+00:00,2000-02-18 00:00:00+00:00,-0.4740504706085282,-0.9481009412170563,-0.00671506577523794,-0.00665921433802303,-0.00665921433802303
48,S4,2000-02-18 00:00:00+00:00,2000-02-18 00:00:00+00:00,0.5145205633180888,1.0290411266361776,0.005739119153728615,0.006199607553524774,0.006199607553524774
48,S5,2000-02-18 00:00:00+00:00,2000-02-18 00:00:00+00:00,-0.13206950521935684,-0.2641390104387137,0.0260330635555501,0.02518005734108024,0.02518005734108024
48,S6,2000-02-18 00:00:00+00:00,2000-02-18 00:00:00+00:00,-0.38881206140248165,-0.7776241228049633,-0.008217248493926244,-0.009888314199935862,-0.009888314199935862
48,S7,2000-02-18 00:00:00+00:00,2000-02-18 00:00:00+00:00,-0.3391456571420661,-0.6782913142841323,0.015033001347000393,0.013507573375606426,0.013507573375606426
49,S0,2000-02-19 00:00:00+00:00,2000-02-19 00:00:00+00:00,-1.2997152730341506,-2.599430546068301,0.010021236114551893,0.010624560863535353,0.010624560863535353
49,S1,2000-02-19 00:00:00+00:00,2000-02-19 00:00:00+00:00,-1.4438636958951212,-2.8877273917902424,-0.005510710847058683,-0.0063745372839555635,-0.0063745372839555635
49,S2,2000-02-19 00:00:00+00:00,2000-02-19 00:00:00+00:00,0.7943147908760457,1.5886295817520915,0.01351956719615109,0.011831663546127365,0.011831663546127365
49,S3,2000-02-19 00:00:00+00:00,2000-02-19 00:00:00+00:00,-0.19123540391952007,-0.38247080783904014,-0.010929364773105455,-0.012459305179873224,-0.012459305179873224
49,S4,2000-02-19 00:00:00+00:00,2000-02-19 00:00:00+00:00,0.21642485112762316,0.4328497022552463,0.01940474170184031,0.025577414543830383,0.025577414543830383
49,S5,2000-02-19 00:00:00+00:00,2000-02-19 00:00:00+00:00,1.0017103884541199,2.0034207769082397,0.02379961620508123,0.025580143201906685,0.025580143201906685
49,S6,2000-02-19 00:00:00+00:00,2000-02-19 00:00:00+00:00,-1.7331324950160742,-3.4662649900321485,0.00010577195744264291,0.0016575028742342218,0.0016575028742342218
49,S7,2000-02-19 00:00:00+00:00,2000-02-19 00:00:00+00:00,-0.784130073815894,-1.568260147631788,-0.02486580725489163,-0.024405156587453604,-0.024405156587453604
50,S0,2000-02-20 00:00:00+00:00,2000-02-20 00:00:00+00:00,0.17533484346507067,0.35066968693014133,-0.014838304420994836,-0.015196477317980921,-0.015196477317980921
50,S1,2000-02-20 00:00:00+00:00,2000-02-20 00:00:00+00:00,0.39209478666557296,0.7841895733311459,0.017853412243239206,0.01601054344924719,0.01601054344924719
50,S2,2000-02-20 00:00:00+00:00,2000-02-20 00:00:00+00:00,-0.3770744504010968,-0.7541489008021935,0.025215507469815858,0.02398013692619091,0.02398013692619091
50,S3,2000-02-20 00:00:00+00:00,2000-02-20 00:00:00+00:00,1.0291792326978486,2.0583584653956972,0.00810366159647431,0.008357566904181178,0.008357566904181178
50,S4,2000-02-20 00:00:00+00:00,2000-02-20 00:00:00+00:00,0.2103949388296369,0.4207898776592738,0.0193892667468385,0.01934298213946878,0.01934298213946878
50,S5,2000-02-20 00:00:00+00:00,2000-02-20 00:00:00+00:00,-1.2133821388278598,-2.4267642776557197,-0.010660095832041106,-0.01417833573301978,-0.01417833573301978
50,S6,2000-02-20 00:00:00+00:00,2000-02-20 00:00:00+00:00,-0.9307637759906452,-1.8615275519812904,-0.00799777180751647,-0.006772244079511394,-0.006772244079511394
50,S7,2000-02-20 00:00:00+00:00,2000-02-20 00:00:00+00:00,0.8054710604946225,1.610942120989245,0.00363969956047043,0.0030307211690428827,0.0030307211690428827
51,S0,2000-02-21 00:00:00+00:00,2000-02-21 00:00:00+00:00,0.4638314564560598,0.9276629129121196,0.0103005115797245,0.0071695133065748816,0.0071695133065748816
51,S1,2000-02-21 00:00:00+00:00,2000-02-21 00:00:00+00:00,-1.899061239006601,-3.798122478013202,-0.03086880423638706,-0.03156065263797454,-0.03156065263797454
51,S2,2000-02-21 00:00:00+00:00,2000-02-21 00:00:00+00:00,1.3477123038624088,2.6954246077248176,0.014381556435856289,0.0184685880282497,0.0184685880282497
51,S3,2000-02-21 00:00:00+00:00,2000-02-21 00:00:00+00:00,0.5980270310938874,1.1960540621877749,0.021947899236895337,0.021198043964603133,0.021198043964603133
51,S4,2000-02-21 00:00:00+00:00,2000-02-21 00:00:00+00:00,1.3433429876964984,2.686685975392997,-0.013664629575359334,-0.0128899191070878,-0.0128899191070878
51,S5,2000-02-21 00:00:00+00:00,2000-02-21 00:00:00+00:00,-0.383700881075084,-0.767401762150168,-0.023123364805992037,-0.02289716241847247,-0.02289716241847247
51,S6,2000-02-21 00:00:00+00:00,2000-02-21 00:00:00+00:00,-0.2957062213323259,-0.5914124426646518,0.005145340194763169,0.0030433130086606392,0.0030433130086606392
51,S7,2000-02-21 00:00:00+00:00,2000-02-21 00:00:00+00:00,-1.126457084751319,-2.252914169502638,-0.014413702298867423,-0.015352770755966402,-0.015352770755966402
52,S0,2000-02-22 00:00:00+00:00,2000-02-22 00:00:00+00:00,2.5369295701318877,5.073859140263775,-0.03108297469157938,-0.030554891681225674,-0.030554891681225674
52,S1,2000-02-22 00:00:00+00:00,2000-02-22 00:00:00+00:00,-0.17545422540714875,-0.3509084508142975,0.008070790154077927,0.006286771115966859,0.006286771115966859
52,S2,2000-02-22 00:00:00+00:00,2000-02-22 00:00:00+00:00,1.5875331920819455,3.175066384163891,0.004414440758417481,0.003543884299058224,0.003543884299058224
52,S3,2000-02-22 00:00:00+00:00,2000-02-22 00:00:00+00:00,-0.6472924513872795,-1.294584902774559,-0.014668757516897845,-0.01487903949545175,-0.01487903949545175
52,S4,2000-02-22 00:00:00+00:00,2000-02-22 00:00:00+00:00,0.16384119233310074,0.3276823846662015,0.02781888037067655,0.027216864437208443,0.027216864437208443
52,S5,2000-02-22 00:00:00+00:00,2000-02-22 00:00:00+00:00,-1.67135248657008,-3.34270497314016,-0.00923578137831377,-0.009742010893870421,-0.009742010893870421
52,S6,2000-02-22 00:00:00+00:00,2000-02-22 00:00:00+00:00,-0.382867148766769,-0.765734297533538,-0.01865213256423897,-0.017973084222430085,-0.017973084222430085
52,S7,2000-02-22 00:00:00+00:00,2000-02-22 00:00:00+00:00,0.9837549084000277,1.9675098168000553,-0.0006060679800347959,0.00031213209232031905,0.00031213209232031905
53,S0,2000-02-23 00:00:00+00:00,2000-02-23 00:00:00+00:00,-1.2517438155744967,-2.5034876311489933,-0.02599772821782267,-0.026048050980056876,-0.026048050980056876
53,S1,2000-02-23 00:00:00+00:00,2000-02-23 00:00:00+00:00,1.072227544934612,2.144455089869224,-0.01448521662195899,-0.012576728137168227,-0.012576728137168227
53,S2,2000-02-23 00:00:00+00:00,2000-02-23 00:00:00+00:00,0.3372378158484627,0.6744756316969254,-0.000813410652557365,0.0017043565889761107,0.0017043565889761107
53,S3,2000-02-23 00:00:00+00:00,2000-02-23 00:00:00+00:00,-1.0439509249842558,-2.0879018499685116,-0.01532699155148947,-0.017928813499416316,-0.017928813499416316
53,S4,2000-02-23 00:00:00+00:00,2000-02-23 00:00:00+00:00,-0.5015972714256735,-1.003194542851347,-0.014690422124195877,-0.014211036901551701,-0.014211036901551701
53,S5,2000-02-23 00:00:00+00:00,2000-02-23 00:00:00+00:00,-0.4590656767054133,-0.9181313534108266,0.017709869075174793,0.01775787349949456,0.01775787349949456
53,S6,2000-02-23 00:00:00+00:00,2000-02-23 00:00:00+00:00,-0.04951933794250218,-0.09903867588500435,0.006986529648233216,0.007256617689730247,0.007256617689730247
53,S7,2000-02-23 00:00:00+00:00,2000-02-23 00:00:00+00:00,-0.5361439659430923,-1.0722879318861847,0.0045045861489817025,0.004457774731534421,0.004457774731534421
54,S0,2000-02-24 00:00:00+00:00,2000-02-24 00:00:00+00:00,-0.8272879008045365,-1.654575801609073,-0.001351972232318022,-0.0013973941332513246,-0.0013973941332513246
54,S1,2000-02-24 00:00:00+00:00,2000-02-24 00:00:00+00:00,-0.30458770251481737,-0.6091754050296347,0.0001544293795560095,2.4179552797209958e-05,2.4179552797209958e-05
54,S2,2000-02-24 00:00:00+00:00,2000-02-24 00:00:00+00:00,-1.026889738609049,-2.053779477218098,0.010110829926633197,0.011720721466164472,0.011720721466164472
54,S3,2000-02-24 00:00:00+00:00,2000-02-24 00:00:00+00:00,-1.289526572643077,-2.579053145286154,-0.009607742800403232,-0.011471789143206174,-0.011471789143206174
54,S4,2000-02-24 00:00:00+00:00,2000-02-24 00:00:00+00:00,-0.04817648250735862,-0.09635296501471724,0.02023532337724329,0.021619512880460802,0.021619512880460802
54,S5,2000-02-24 00:00:00+00:00,2000-02-24 00:00:00+00:00,0.8828742255545683,1.7657484511091366,-0.014690210815647125,-0.01676002118022282,-0.01676002118022282
54,S6,2000-02-24 00:00:00+00:00,2000-02-24 00:00:00+00:00,-1.529371705117365,-3.05874341023473,-0.01980117406240775,-0.015963545199294583,-0.015963545199294583
54,S7,2000-02-24 00:00:00+00:00,2000-02-24 00:00:00+00:00,0.0035081514639604466,0.007016302927920893,-0.028808455967429085,-0.026685405877788917,-0.026685405877788917
55,S0,2000-02-25 00:00:00+00:00,2000-02-25 00:00:00+00:00,-0.6499561948012956,-1.2999123896025913,-0.008144183509038724,-0.010128431103031604,-0.010128431103031604
55,S1,2000-02-25 00:00:00+00:00,2000-02-25 00:00:00+00:00,-0.9771454371346897,-1.9542908742693794,0.0011997436941545744,0.0014960437173450114,0.0014960437173450114
55,S2,2000-02-25 00:00:00+00:00,2000-02-25 00:00:00+00:00,0.8534376527146189,1.7068753054292378,0.0214684009549342,0.02281044292080395,0.02281044292080395
55,S3,2000-02-25 00:00:00+00:00,2000-02-25 00:00:00+00:00,-0.5181696890906662,-1.0363393781813324,-0.013644255602302143,-0.014394602857748504,-0.014394602857748504
55,S4,2000-02-25 00:00:00+00:00,2000-02-25 00:00:00+00:00,1.4983016830648794,2.996603366129759,0.0016097115582957683,0.003700762807813681,0.003700762807813681
55,S5,2000-02-25 00:00:00+00:00,2000-02-25 00:00:00+00:00,-0.7798393641463933,-1.5596787282927866,-0.010725780480817479,-0.010879524482541925,-0.010879524482541925
55,S6,2000-02-25 00:00:00+00:00,2000-02-25 00:00:00+00:00,0.38650199362583243,0.7730039872516649,-0.016335308168662646,-0.01190500216570236,-0.01190500216570236
55,S7,2000-02-25 00:00:00+00:00,2000-02-25 00:00:00+00:00,-0.22728300655720315,-0.4545660131144063,-0.022026556772219603,-0.02112183485787103,-0.02112183485787103
56,S0,2000-02-26 00:00:00+00:00,2000-02-26 00:00:00+00:00,-0.7540218091263632,-1.5080436182527264,-0.005968720613009956,-0.004669030431543451,-0.004669030431543451
56,S1,2000-02-26 00:00:00+00:00,2000-02-26 00:00:00+00:00,0.5876750425777528,1.1753500851555057,-0.025113903305816296,-0.026193135510781427,-0.026193135510781427
56,S2,2000-02-26 00:00:00+00:00,2000-02-26 00:00:00+00:00,-0.15498257307480726,-0.3099651461496145,0.00022689888349464388,-0.001524643704496775,-0.001524643704496775
56,S3,2000-02-26 00:00:00+00:00,2000-02-26 00:00:00+00:00,0.6032105807136467,1.2064211614272935,-0.0015448346349869022,0.0001642606806058546,0.0001642606806058546
56,S4,2000-02-26 00:00:00+00:00,2000-02-26 00:00:00+00:00,-0.047291507216996057,-0.09458301443399211,-0.009400458714959292,-0.012618281187291271,-0.012618281187291271
56,S5,2000-02-26 00:00:00+00:00,2000-02-26 00:00:00+00:00,-1.0858162553014383,-2.1716325106028767,-0.023253745825625637,-0.022069679244420236,-0.022069679244420236
56,S6,2000-02-26 00:00:00+00:00,2000-02-26 00:00:00+00:00,-0.10206924318890695,-0.2041384863778139,-0.027847594357922792,-0.02373574687145645,-0.02373574687145645
56,S7,2000-02-26 00:00:00+00:00,2000-02-26 00:00:00+00:00,0.05195516951614051,0.10391033903228102,0.020955469083077327,0.025714886168165627,0.025714886168165627
57,S0,2000-02-27 00:00:00+00:00,2000-02-27 00:00:00+00:00,0.9584629538811972,1.9169259077623944,-0.008755423175215927,-0.011833344907936662,-0.011833344907936662
57,S1,2000-02-27 00:00:00+00:00,2000-02-27 00:00:00+00:00,-0.9062690073351785,-1.812538014670357,0.02402777043656504,0.024202843603282134,0.024202843603282134
57,S2,2000-02-27 00:00:00+00:00,2000-02-27 00:00:00+00:00,-0.03932985326730542,-0.07865970653461084,0.012012879353930727,0.013307536224314503,0.013307536224314503
57,S3,2000-02-27 00:00:00+00:00,2000-02-27 00:00:00+00:00,-1.721878730230039,-3.443757460460078,-0.009381241642715994,-0.007885445205822397,-0.007885445205822397
57,S4,2000-02-27 00:00:00+00:00,2000-02-27 00:00:00+00:00,0.6514930603433157,1.3029861206866313,-0.012472229133930342,-0.010287796175080792,-0.010287796175080792
57,S5,2000-02-27 00:00:00+00:00,2000-02-27 00:00:00+00:00,-1.0814829746406458,-2.1629659492812916,0.018478322336460056,0.01577385479370815,0.01577385479370815
57,S6,2000-02-27 00:00:00+00:00,2000-02-27 00:00:00+00:00,-1.8063595210836054,-3.612719042167211,0.02301394800816804,0.023181714106167716,0.023181714106167716
57,S7,2000-02-27 00:00:00+00:00,2000-02-27 00:00:00+00:00,-0.0592168342747372,-0.1184336685494744,-0.006204432929449532,-0.009784849229875232,-0.009784849229875232
58,S0,2000-02-28 00:00:00+00:00,2000-02-28 00:00:00+00:00,1.1056849586628463,2.2113699173256927,-0.0028504377114290627,-0.002452432343557801,-0.002452432343557801
58,S1,2000-02-28 00:00:00+00:00,2000-02-28 00:00:00+00:00,-1.5244469482118754,-3.048893896423751,0.002581989588710391,0.007282574589055436,0.007282574589055436
58,S2,2000-02-28 00:00:00+00:00,2000-02-28 00:00:00+00:00,-1.0880355853884272,-2.1760711707768543,-2.0518148164325395e-05,-0.0017093860311537977,-0.0017093860311537977
58,S3,2000-02-28 00:00:00+00:00,2000-02-28 00:00:00+00:00,-0.7432748910532813,-1.4865497821065625,0.02389592970244595,0.024632320688126447,0.024632320688126447
58,S4,2000-02-28 00:00:00+00:00,2000-02-28 00:00:00+00:00,-1.1294966463420033,-2.2589932926840066,-0.015938302776581037,-0.015464147417440916,-0.015464147417440916
58,S5,2000-02-28 00:00:00+00:00,2000-02-28 00:00:00+00:00,0.37942788833458474,0.7588557766691695,0.01039263232559198,0.0072580855888782604,0.0072580855888782604
58,S6,2000-02-28 00:00:00+00:00,2000-02-28 00:00:00+00:00,-0.8073674450444858,-1.6147348900889715,-0.024914159323228165,-0.024387383419305672,-0.024387383419305672
58,S7,2000-02-28 00:00:00+00:00,2000-02-28 00:00:00+00:00,-0.7215147364602021,-1.4430294729204043,0.028482309399258894,0.026158322921642163,0.026158322921642163
59,S0,2000-02-29 00:00:00+00:00,2000-02-29 00:00:00+00:00,0.5833053986823111,1.1666107973646223,-0.009816572247833447,-0.009806588888211029,-0.009806588888211029
59,S1,2000-02-29 00:00:00+00:00,2000-02-29 00:00:00+00:00,-0.7555146309686842,-1.5110292619373684,-0.0388302247759704,-0.03732626226191918,-0.03732626226191918
59,S2,2000-02-29 00:00:00+00:00,2000-02-29 00:00:00+00:00,0.43278009778072224,0.8655601955614445,-0.00032540867575783436,-0.001340038226388003,-0.001340038226388003
59,S3,2000-02-29 00:00:00+00:00,2000-02-29 00:00:00+00:00,-0.9713851718820432,-1.9427703437640864,-0.008363063182395235,-0.0071616983028444485,-0.0071616983028444485
59,S4,2000-02-29 00:00:00+00:00,2000-02-29 00:00:00+00:00,-1.2121385142152894,-2.424277028430579,0.02515691023911964,0.022700320332949234,0.022700320332949234
59,S5,2000-02-29 00:00:00+00:00,2000-02-29 00:00:00+00:00,-1.8354492891909227,-3.6708985783818453,-0.011689017109078242,-0.013608790136136301,-0.013608790136136301
59,S6,2000-02-29 00:00:00+00:00,2000-02-29 00:00:00+00:00,1.861202786911729,3.722405573823458,0.006195924498845618,0.006070456686899012,0.006070456686899012
59,S7,2000-02-29 00:00:00+00:00,2000-02-29 00:00:00+00:00,-0.32025903213099666,-0.6405180642619933,0.007655642736754457,0.006435848651551264,0.006435848651551264
60,S0,2000-03-01 00:00:00+00:00,2000-03-01 00:00:00+00:00,0.24393336794842915,0.4878667358968583,0.018589354000917397,0.017460149565101075,0.017460149565101075
60,S1,2000-03-01 00:00:00+00:00,2000-03-01 00:00:00+00:00,-0.0310495089807992,-0.0620990179615984,-0.008933520837698323,-0.008382286405450023,-0.008382286405450023
60,S2,2000-03-01 00:00:00+00:00,2000-03-01 00:00:00+00:00,0.15996175700726273,0.31992351401452546,0.010712664153821022,0.008922371278512434,0.008922371278512434
60,S3,2000-03-01 00:00:00+00:00,2000-03-01 00:00:00+00:00,0.04968647937437248,0.09937295874874497,0.00020578741210906045,0.0006603705850773368,0.0006603705850773368
60,S4,2000-03-01 00:00:00+00:00,2000-03-01 00:00:00+00:00,1.9082170392026987,3.8164340784053974,-0.0028878946734476026,-0.004120306017953513,-0.004120306017953513
60,S5,2000-03-01 00:00:00+00:00,2000-03-01 00:00:00+00:00,-1.0389265909571472,-2.0778531819142945,-0.012202724870167962,-0.01030203388729728,-0.01030203388729728
60,S6,2000-03-01 00:00:00+00:00,2000-03-01 00:00:00+00:00,-1.557462106098177,-3.114924212196354,-0.01290532773287667,-0.013109384394876423,-0.013109384394876423
60,S7,2000-03-01 00:00:00+00:00,2000-03-01 00:00:00+00:00,-1.0119596684843548,-2.0239193369687096,-0.02426566752276828,-0.02509785236303528,-0.02509785236303528
61,S0,2000-03-02 00:00:00+00:00,2000-03-02 00:00:00+00:00,-1.3347090097585461,-2.6694180195170922,0.02115692191495195,0.022733829052839327,0.022733829052839327
61,S1,2000-03-02 00:00:00+00:00,2000-03-02 00:00:00+00:00,0.7469620524819425,1.493924104963885,-0.008757655605220639,-0.007929001804912763,-0.007929001804912763
61,S2,2000-03-02 00:00:00+00:00,2000-03-02 00:00:00+00:00,0.8203782095377569,1.6407564190755137,0.0296544114694919,0.030716500451595366,0.030716500451595366
61,S3,2000-03-02 00:00:00+00:00,2000-03-02 00:00:00+00:00,-0.9613155451503265,-1.922631090300653,0.02179978147446065,0.0203384815314494,0.0203384815314494
61,S4,2000-03-02 00:00:00+00:00,2000-03-02 00:00:00+00:00,-1.3904357764629918,-2.7808715529259835,0.001476305431087213,0.0029099717981321107,0.0029099717981321107
61,S5,2000-03-02 00:00:00+00:00,2000-03-02 00:00:00+00:00,-0.35479665314109476,-0.7095933062821895,-0.002149929486137666,-0.0030333980494884425,-0.0030333980494884425
61,S6,2000-03-02 00:00:00+00:00,2000-03-02 00:00:00+00:00,1.3911238778763935,2.782247755752787,0.015093123076427453,0.012035573001759054,0.012035573001759054
61,S7,2000-03-02 00:00:00+00:00,2000-03-02 00:00:00+00:00,-2.819569417798316,-5.639138835596632,0.006403066624455688,0.005680795973916695,0.005680795973916695
62,S0,2000-03-03 00:00:00+00:00,2000-03-03 00:00:00+00:00,0.5266267690158747,1.0532535380317494,0.013080516879631101,0.016294302124041808,0.016294302124041808
62,S1,2000-03-03 00:00:00+00:00,2000-03-03 00:00:00+00:00,-1.0757552274485853,-2.1515104548971706,0.003304707477520089,0.0030426820008224308,0.0030426820008224308
62,S2,2000-03-03 00:00:00+00:00,2000-03-03 00:00:00+00:00,1.0403671465412743,2.0807342930825485,0.024178631687294533,0.022085432085796733,0.022085432085796733
62,S3,2000-03-03 00:00:00+00:00,2000-03-03 00:00:00+00:00,-1.077923940876752,-2.155847881753504,-0.010191421442803812,-0.00963129588639971,-0.00963129588639971
62,S4,2000-03-03 00:00:00+00:00,2000-03-03 00:00:00+00:00,-0.2854158272158405,-0.570831654431681,0.007650365145026899,0.005418901126156344,0.005418901126156344
62,S5,2000-03-03 00:00:00+00:00,2000-03-03 00:00:00+00:00,-1.5062791006395633,-3.0125582012791265,-0.025258618823233023,-0.02650838510808069,-0.02650838510808069
62,S6,2000-03-03 00:00:00+00:00,2000-03-03 00:00:00+00:00,-0.9772578504980973,-1.9545157009961946,0.011443717314129949,0.01058728693808796,0.01058728693808796
62,S7,2000-03-03 00:00:00+00:00,2000-03-03 00:00:00+00:00,1.3858391630461182,2.7716783260922364,0.010375143743630634,0.010882918888977607,0.010882918888977607
63,S0,2000-03-04 00:00:00+00:00,2000-03-04 00:00:00+00:00,0.8205786858900587,1.6411573717801173,0.006772725395882671,0.007781941101282812,0.007781941101282812
63,S1,2000-03-04 00:00:00+00:00,2000-03-04 00:00:00+00:00,-0.40166815215067564,-0.8033363043013513,0.026053658792835728,0.0265497026875295,0.0265497026875295
63,S2,2000-03-04 00:00:00+00:00,2000-03-04 00:00:00+00:00,-0.8701723702042559,-1.7403447404085117,0.017768354746116537,0.017625441766474063,0.017625441766474063
63,S3,2000-03-04 00:00:00+00:00,2000-03-04 00:00:00+00:00,-1.893807136511814,-3.787614273023628,-0.038024084068747535,-0.039087903156864785,-0.039087903156864785
63,S4,2000-03-04 00:00:00+00:00,2000-03-04 00:00:00+00:00,-0.3936567119009843,-0.7873134238019686,0.010616339484966866,0.009756860891749954,0.009756860891749954
63,S5,2000-03-04 00:00:00+00:00,2000-03-04 00:00:00+00:00,-0.030903252586298,-0.061806505172596,-0.01179840334051823,-0.011215733945918504,-0.011215733945918504
63,S6,2000-03-04 00:00:00+00:00,2000-03-04 00:00:00+00:00,-0.08405435783448403,-0.16810871566896807,0.02654764170652462,0.026396919701030887,0.026396919701030887
63,S7,2000-03-04 00:00:00+00:00,2000-03-04 00:00:00+00:00,-0.0937919279761702,-0.1875838559523404,0.04849043678020062,0.04769419364701105,0.04769419364701105
64,S0,2000-03-05 00:00:00+00:00,2000-03-05 00:00:00+00:00,-1.121809627226926,-2.243619254453852,-0.010712028507898286,-0.007483926417421722,-0.007483926417421722
64,S1,2000-03-05 00:00:00+00:00,2000-03-05 00:00:00+00:00,-0.06627388536561797,-0.13254777073123594,0.004120841831515477,0.005634906498282605,0.005634906498282605
64,S2,2000-03-05 00:00:00+00:00,2000-03-05 00:00:00+00:00,-0.038673379535105926,-0.07734675907021185,-0.0007137468062989726,0.0008611176254467506,0.0008611176254467506
64,S3,2000-03-05 00:00:00+00:00,2000-03-05 00:00:00+00:00,1.2905620378031775,2.581124075606355,0.014821686718878015,0.01520575958673221,0.01520575958673221
64,S4,2000-03-05 00:00:00+00:00,2000-03-05 00:00:00+00:00,1.8667334543523622,3.7334669087047243,0.02138983948077596,0.021916483803757644,0.021916483803757644
64,S5,2000-03-05 00:00:00+00:00,2000-03-05 00:00:00+00:00,-0.13698902691779163,-0.27397805383558327,0.02305066163740519,0.023541267692649494,0.023541267692649494
64,S6,2000-03-05 00:00:00+00:00,2000-03-05 00:00:00+00:00,-0.7663059511758866,-1.5326119023517732,-0.014814851568600408,-0.013095229069954181,-0.013095229069954181
64,S7,2000-03-05 00:00:00+00:00,2000-03-05 00:00:00+00:00,-0.06498212976196366,-0.12996425952392732,0.029467924220923557,0.028095908410522376,0.028095908410522376
65,S0,2000-03-06 00:00:00+00:00,2000-03-06 00:00:00+00:00,-0.607621275254437,-1.215242550508874,-0.006882526444805524,-0.007465377230192164,-0.007465377230192164
65,S1,2000-03-06 00:00:00+00:00,2000-03-06 00:00:00+00:00,-0.7424338157462491,-1.4848676314924982,0.006866707626897841,0.010124410939044743,0.010124410939044743
65,S2,2000-03-06 00:00:00+00:00,2000-03-06 00:00:00+00:00,-0.05865015192214237,-0.11730030384428473,0.026136889719203953,0.026081864697441462,0.026081864697441462
65,S3,2000-03-06 00:00:00+00:00,2000-03-06 00:00:00+00:00,-1.0433044311523152,-2.0866088623046304,0.013238865676055294,0.015462579062840452,0.015462579062840452
65,S4,2000-03-06 00:00:00+00:00,2000-03-06 00:00:00+00:00,0.6061067511550176,1.212213502310035,0.0007176558408729505,-0.0027163813987254436,-0.0027163813987254436
65,S5,2000-03-06 00:00:00+00:00,2000-03-06 00:00:00+00:00,-0.10391554918407729,-0.20783109836815458,-0.0028880297658730064,-0.0020067007376244166,-0.0020067007376244166
65,S6,2000-03-06 00:00:00+00:00,2000-03-06 00:00:00+00:00,0.25000830685995257,0.5000166137199051,0.0022456775714172626,0.003002885397951586,0.003002885397951586
65,S7,2000-03-06 00:00:00+00:00,2000-03-06 00:00:00+00:00,-0.18294003597067152,-0.36588007194134303,0.0076371196855657825,0.007438516350708457,0.007438516350708457
66,S0,2000-03-07 00:00:00+00:00,2000-03-07 00:00:00+00:00,-0.7272544472524123,-1.4545088945048246,0.012435600368721036,0.012804355783101594,0.012804355783101594
66,S1,2000-03-07 00:00:00+00:00,2000-03-07 00:00:00+00:00,-0.9479595597488518,-1.8959191194977036,-0.024744958139561585,-0.024659934954192136,-0.024659934954192136
66,S2,2000-03-07 00:00:00+00:00,2000-03-07 00:00:00+00:00,-0.23727600432454096,-0.4745520086490819,0.007687297526904646,0.004560493399223176,0.004560493399223176
66,S3,2000-03-07 00:00:00+00:00,2000-03-07 00:00:00+00:00,-0.5487603374278119,-1.0975206748556239,0.005948221469001998,0.005463619980212009,0.005463619980212009
66,S4,2000-03-07 00:00:00+00:00,2000-03-07 00:00:00+00:00,0.23390133320957562,0.46780266641915125,0.00952184762899492,0.007819011012534188,0.007819011012534188
66,S5,2000-03-07 00:00:00+00:00,2000-03-07 00:00:00+00:00,-0.004431703197639366,-0.008863406395278732,0.007773654491479974,0.005485943051409454,0.005485943051409454
66,S6,2000-03-07 00:00:00+00:00,2000-03-07 00:00:00+00:00,-1.3623067479227293,-2.7246134958454586,0.013918900382504007,0.01583461967543802,0.01583461967543802
66,S7,2000-03-07 00:00:00+00:00,2000-03-07 00:00:00+00:00,0.06712129942835174,0.13424259885670348,0.009506991466312906,0.006094685195537124,0.006094685195537124
67,S0,2000-03-08 00:00:00+00:00,2000-03-08 00:00:00+00:00,-1.3428604171407572,-2.6857208342815144,0.013196572438571535,0.011785911847577869,0.011785911847577869
67,S1,2000-03-08 00:00:00+00:00,2000-03-08 00:00:00+00:00,-0.6164776255192805,-1.232955251038561,0.012239067831461522,0.010290251919574807,0.010290251919574807
67,S2,2000-03-08 00:00:00+00:00,2000-03-08 00:00:00+00:00,-0.2943536092178474,-0.5887072184356948,0.028330315581575654,0.030022242901794415,0.030022242901794415
67,S3,2000-03-08 00:00:00+00:00,2000-03-08 00:00:00+00:00,-2.075273277911311,-4.150546555822622,-0.030825400316596904,-0.03249519935734692,-0.03249519935734692
67,S4,2000-03-08 00:00:00+00:00,2000-03-08 00:00:00+00:00,0.09150744785998134,0.18301489571996268,0.024762846998082545,0.023900623295970633,0.023900623295970633
67,S5,2000-03-08 00:00:00+00:00,2000-03-08 00:00:00+00:00,0.15098334971433505,0.3019666994286701,-4.71777621203805e-05,0.000991436632797168,0.000991436632797168
67,S6,2000-03-08 00:00:00+00:00,2000-03-08 00:00:00+00:00,-0.15802419342467286,-0.3160483868493457,0.004061736113385866,-0.0005398848325030708,-0.0005398848325030708
67,S7,2000-03-08 00:00:00+00:00,2000-03-08 00:00:00+00:00,-0.4243172724715942,-0.8486345449431884,-0.010766699735799799,-0.011936455390541117,-0.011936455390541117
68,S0,2000-03-09 00:00:00+00:00,2000-03-09 00:00:00+00:00,-0.37360366010814,-0.74720732021628,-0.013734157818217055,-0.013291808443478218,-0.013291808443478218
68,S1,2000-03-09 00:00:00+00:00,2000-03-09 00:00:00+00:00,-0.9765394686110568,-1.9530789372221136,0.007023136036593992,0.006598457629249053,0.006598457629249053
68,S2,2000-03-09 00:00:00+00:00,2000-03-09 00:00:00+00:00,-0.2697003697288119,-0.5394007394576238,0.006702273645354757,0.004844837095374926,0.004844837095374926
68,S3,2000-03-09 00:00:00+00:00,2000-03-09 00:00:00+00:00,-0.5526118035148618,-1.1052236070297237,0.023732937300814536,0.021435200694907706,0.021435200694907706
68,S4,2000-03-09 00:00:00+00:00,2000-03-09 00:00:00+00:00,0.09168539268739877,0.18337078537479753,-0.0042833388616220075,-0.005484157306254987,-0.005484157306254987
68,S5,2000-03-09 00:00:00+00:00,2000-03-09 00:00:00+00:00,-1.2041360895448572,-2.4082721790897144,0.03536293826636623,0.03289069155203914,0.03289069155203914
68,S6,2000-03-09 00:00:00+00:00,2000-03-09 00:00:00+00:00,0.235589909011144,0.471179818022288,0.024232735711117264,0.021254405501316784,0.021254405501316784
68,S7,2000-03-09 00:00:00+00:00,2000-03-09 00:00:00+00:00,0.1432188934776698,0.2864377869553396,0.010656136787274666,0.013087373418005586,0.013087373418005586
69,S0,2000-03-10 00:00:00+00:00,2000-03-10 00:00:00+00:00,-0.1415628321787237,-0.2831256643574474,-0.019481627328040135,-0.018548808336138208,-0.018548808336138208
69,S1,2000-03-10 00:00:00+00:00,2000-03-10 00:00:00+00:00,-0.439204823086289,-0.878409646172578,-0.02274645632755851,-0.020906131893766965,-0.020906131893766965
69,S2,2000-03-10 00:00:00+00:00,2000-03-10 00:00:00+00:00,0.5523398924701125,1.104679784940225,-0.021849664808041954,-0.022083154669063666,-0.022083154669063666
69,S3,2000-03-10 00:00:00+00:00,2000-03-10 00:00:00+00:00,-1.6646017067938645,-3.329203413587729,-0.01923934539730654,-0.022165024470417842,-0.022165024470417842
69,S4,2000-03-10 00:00:00+00:00,2000-03-10 00:00:00+00:00,0.4604533381451202,0.9209066762902404,-0.004062937757547675,-0.0054086371936367525,-0.0054086371936367525
69,S5,2000-03-10 00:00:00+00:00,2000-03-10 00:00:00+00:00,0.24303746619037217,0.48607493238074434,-0.011081303101585092,-0.009029508646527464,-0.009029508646527464
69,S6,2000-03-10 00:00:00+00:00,2000-03-10 00:00:00+00:00,0.28337629253461555,0.5667525850692311,-0.027972561268228665,-0.02742501970656823,-0.02742501970656823
69,S7,2000-03-10 00:00:00+00:00,2000-03-10 00:00:00+00:00,0.3833125924326753,0.7666251848653506,-0.007698431358269572,-0.009795380015559647,-0.009795380015559647
70,S0,2000-03-11 00:00:00+00:00,2000-03-11 00:00:00+00:00,-0.6536444065928503,-1.3072888131857006,-0.009977699805962388,-0.00895470762604229,-0.00895470762604229
70,S1,2000-03-11 00:00:00+00:00,2000-03-11 00:00:00+00:00,-0.25946005830143554,-0.5189201166028711,0.008264595364635611,0.008418006273110748,0.008418006273110748
70,S2,2000-03-11 00:00:00+00:00,2000-03-11 00:00:00+00:00,0.6370583312163494,1.2741166624326987,0.038224523171004325,0.03757562518331247,0.03757562518331247
70,S3,2000-03-11 00:00:00+00:00,2000-03-11 00:00:00+00:00,0.4306392440831103,0.8612784881662205,0.014552511596927248,0.01815551111841683,0.01815551111841683
70,S4,2000-03-11 00:00:00+00:00,2000-03-11 00:00:00+00:00,0.20671276544264874,0.4134255308852975,0.004786846767530727,0.0031876657098235672,0.0031876657098235672
70,S5,2000-03-11 00:00:00+00:00,2000-03-11 00:00:00+00:00,-1.5143202451196276,-3.028640490239255,-0.022648284872933737,-0.023372914852210616,-0.023372914852210616
70,S6,2000-03-11 00:00:00+00:00,2000-03-11 00:00:00+00:00,0.5378871148832081,1.0757742297664161,-0.010834650935715638,-0.01201170244026361,-0.01201170244026361
70,S7,2000-03-11 00:00:00+00:00,2000-03-11 00:00:00+00:00,1.1694709919931063,2.3389419839862127,-0.015482671117257808,-0.013565352183777593,-0.013565352183777593
71,S0,2000-03-12 00:00:00+00:00,2000-03-12 00:00:00+00:00,1.0096714930428576,2.0193429860857153,0.02361989176775511,0.02511587823365561,0.02511587823365561
71,S1,2000-03-12 00:00:00+00:00,2000-03-12 00:00:00+00:00,0.2338780487691054,0.4677560975382108,-0.001506529192797347,-0.00035286274511203523,-0.00035286274511203523
71,S2,2000-03-12 00:00:00+00:00,2000-03-12 00:00:00+00:00,-1.5576786036041945,-3.115357207208389,0.005437084683995985,0.004895954782918546,0.004895954782918546
71,S3,2000-03-12 00:00:00+00:00,2000-03-12 00:00:00+00:00,0.9425448142280201,1.8850896284560401,0.004808326738866836,0.004627631829247723,0.004627631829247723
71,S4,2000-03-12 00:00:00+00:00,2000-03-12 00:00:00+00:00,-0.1472546367197673,-0.2945092734395346,0.011262227897459717,0.010966594891695157,0.010966594891695157
71,S5,2000-03-12 00:00:00+00:00,2000-03-12 00:00:00+00:00,-2.5325196480669656,-5.065039296133931,0.024706177544400784,0.02108274368154557,0.02108274368154557
71,S6,2000-03-12 00:00:00+00:00,2000-03-12 00:00:00+00:00,0.37720740310720396,0.7544148062144079,0.004073269426980795,0.0014223059411397811,0.0014223059411397811
71,S7,2000-03-12 00:00:00+00:00,2000-03-12 00:00:00+00:00,-1.4921717830795365,-2.984343566159073,-0.002293394960042507,-0.0008953519102686304,-0.0008953519102686304
72,S0,2000-03-13 00:00:00+00:00,2000-03-13 00:00:00+00:00,-1.296440580195063,-2.592881160390126,-0.016021160231531544,-0.014754155524477532,-0.014754155524477532
72,S1,2000-03-13 00:00:00+00:00,2000-03-13 00:00:00+00:00,-0.6349588923738527,-1.2699177847477054,0.016577008278426127,0.0131055534495511,0.0131055534495511
72,S2,2000-03-13 00:00:00+00:00,2000-03-13 00:00:00+00:00,1.272591177882884,2.545182355765768,-0.008362570630062542,-0.007768627670925512,-0.007768627670925512
72,S3,2000-03-13 00:00:00+00:00,2000-03-13 00:00:00+00:00,-0.37084535417839304,-0.7416907083567861,-0.013153687042577628,-0.01595136461809153,-0.01595136461809153
72,S4,2000-03-13 00:00:00+00:00,2000-03-13 00:00:00+00:00,0.2709915877367156,0.5419831754734312,-0.013966968794928866,-0.01720421266637099,-0.01720421266637099
72,S5,2000-03-13 00:00:00+00:00,2000-03-13 00:00:00+00:00,1.7479679637522305,3.495935927504461,-0.012653163425340778,-0.011608465391588246,-0.011608465391588246
72,S6,2000-03-13 00:00:00+00:00,2000-03-13 00:00:00+00:00,1.5940297626557918,3.1880595253115835,0.015467326506772312,0.01596629959695029,0.01596629959695029
72,S7,2000-03-13 00:00:00+00:00,2000-03-13 00:00:00+00:00,-0.10335341582736501,-0.20670683165473003,0.040855889451786996,0.040650227105274016,0.040650227105274016
73,S0,2000-03-14 00:00:00+00:00,2000-03-14 00:00:00+00:00,-0.2415210220605113,-0.4830420441210226,-0.012992976968978007,-0.01130545422004517,-0.01130545422004517
73,S1,2000-03-14 00:00:00+00:00,2000-03-14 00:00:00+00:00,-1.2608706340895501,-2.5217412681791003,0.01190525263170729,0.013820979427537614,0.013820979427537614
73,S2,2000-03-14 00:00:00+00:00,2000-03-14 00:00:00+00:00,-0.6944580741815911,-1.3889161483631822,0.004817662413408322,0.005580047942660478,0.005580047942660478
73,S3,2000-03-14 00:00:00+00:00,2000-03-14 00:00:00+00:00,0.4253583476127701,0.8507166952255402,-0.008492235313241099,-0.010237630489027316,-0.010237630489027316
73,S4,2000-03-14 00:00:00+00:00,2000-03-14 00:00:00+00:00,0.39573076180964684,0.7914615236192937,0.0011679183822238422,0.002023704411135049,0.002023704411135049
73,S5,2000-03-14 00:00:00+00:00,2000-03-14 00:00:00+00:00,0.11023823117395956,0.22047646234791912,0.0011658325685054765,0.001538477403935316,0.001538477403935316
73,S6,2000-03-14 00:00:00+00:00,2000-03-14 00:00:00+00:00,0.9948016575639254,1.9896033151278507,-0.002680528312321672,-0.0017900471297978456,-0.0017900471297978456
73,S7,2000-03-14 00:00:00+00:00,2000-03-14 00:00:00+00:00,-0.7723680130331807,-1.5447360260663614,0.027771230836599704,0.03046090566785683,0.03046090566785683
74,S0,2000-03-15 00:00:00+00:00,2000-03-15 00:00:00+00:00,-0.05607652018346502,-0.11215304036693004,-0.018129556200268446,-0.02113830781931285,-0.02113830781931285
74,S1,2000-03-15 00:00:00+00:00,2000-03-15 00:00:00+00:00,0.7312429884948122,1.4624859769896243,0.011673855201393054,0.016318325483063695,0.016318325483063695
74,S2,2000-03-15 00:00:00+00:00,2000-03-15 00:00:00+00:00,0.584145906227918,1.168291812455836,0.01371911117953989,0.014987257640695742,0.014987257640695742
74,S3,2000-03-15 00:00:00+00:00,2000-03-15 00:00:00+00:00,1.0709457757324194,2.141891551464839,0.004424798018651208,0.003267346935981852,0.003267346935981852
74,S4,2000-03-15 00:00:00+00:00,2000-03-15 00:00:00+00:00,0.3970204067650606,0.7940408135301212,0.008756745910180101,0.011508431413969284,0.011508431413969284
74,S5,2000-03-15 00:00:00+00:00,2000-03-15 00:00:00+00:00,-0.3094025555968319,-0.6188051111936638,0.020853761627809934,0.019604271114329528,0.019604271114329528
74,S6,2000-03-15 00:00:00+00:00,2000-03-15 00:00:00+00:00,0.3621922602623995,0.724384520524799,0.013962257698217254,0.011417602878923032,0.011417602878923032
74,S7,2000-03-15 00:00:00+00:00,2000-03-15 00:00:00+00:00,-1.0025951963841089,-2.0051903927682178,0.008247805560346556,0.009927305858852077,0.009927305858852077
75,S0,2000-03-16 00:00:00+00:00,2000-03-16 00:00:00+00:00,-1.6394593315431263,-3.2789186630862526,0.00027109257740394786,-0.0001859293228833412,-0.0001859293228833412
75,S1,2000-03-16 00:00:00+00:00,2000-03-16 00:00:00+00:00,0.5806717808971771,1.1613435617943542,-0.03436123149818375,-0.03217992372845231,-0.03217992372845231
75,S2,2000-03-16 00:00:00+00:00,2000-03-16 00:00:00+00:00,-0.0551403328210084,-0.1102806656420168,0.01898677416989565,0.017933339554997783,0.017933339554997783
75,S3,2000-03-16 00:00:00+00:00,2000-03-16 00:00:00+00:00,0.30840962641700853,0.6168192528340171,0.03160244368014696,0.031386427061491064,0.031386427061491064
75,S4,2000-03-16 00:00:00+00:00,2000-03-16 00:00:00+00:00,-1.697684363841418,-3.395368727682836,0.004369637555381848,0.003899417354586175,0.003899417354586175
75,S5,2000-03-16 00:00:00+00:00,2000-03-16 00:00:00+00:00,-0.36511402472543003,-0.7302280494508601,0.012494130730612112,0.009722742396245786,0.009722742396245786
75,S6,2000-03-16 00:00:00+00:00,2000-03-16 00:00:00+00:00,-0.5998571137315275,-1.199714227463055,-0.026563583001470194,-0.02754490411046907,-0.02754490411046907
75,S7,2000-03-16 00:00:00+00:00,2000-03-16 00:00:00+00:00,-0.8642121147366698,-1.7284242294733396,-0.006524206792710633,-0.00925504498244168,-0.00925504498244168
76,S0,2000-03-17 00:00:00+00:00,2000-03-17 00:00:00+00:00,-2.25501500646246,-4.51003001292492,-0.017389083052857787,-0.01869624684659696,-0.01869624684659696
76,S1,2000-03-17 00:00:00+00:00,2000-03-17 00:00:00+00:00,-0.33487348213705126,-0.6697469642741025,-0.010003379554203315,-0.007642937464786186,-0.007642937464786186
76,S2,2000-03-17 00:00:00+00:00,2000-03-17 00:00:00+00:00,0.8973042881661908,1.7946085763323816,0.021160855478657533,0.020599241156026304,0.020599241156026304
76,S3,2000-03-17 00:00:00+00:00,2000-03-17 00:00:00+00:00,0.3809977218637382,0.7619954437274764,-0.007012279754783692,-0.008030047552287228,-0.008030047552287228
76,S4,2000-03-17 00:00:00+00:00,2000-03-17 00:00:00+00:00,-0.6009466096658063,-1.2018932193316125,-0.00470329750138419,-0.0018508354602282846,-0.0018508354602282846
76,S5,2000-03-17 00:00:00+00:00,2000-03-17 00:00:00+00:00,-0.014875971650300183,-0.029751943300600367,-0.023477971353151914,-0.02618374433846334,-0.02618374433846334
76,S6,2000-03-17 00:00:00+00:00,2000-03-17 00:00:00+00:00,0.7568000802380088,1.5136001604760176,0.003329975487481489,0.003155190661231823,0.003155190661231823
76,S7,2000-03-17 00:00:00+00:00,2000-03-17 00:00:00+00:00,-2.7604178626541933,-5.520835725308387,-0.006412080750081448,-0.00718694968346885,-0.00718694968346885
77,S0,2000-03-18 00:00:00+00:00,2000-03-18 00:00:00+00:00,-0.12453654680663752,-0.24907309361327504,-0.01815235557089657,-0.016398028923020017,-0.016398028923020017
77,S1,2000-03-18 00:00:00+00:00,2000-03-18 00:00:00+00:00,0.5432001471814378,1.0864002943628757,-0.013769705462416144,-0.013953531016553153,-0.013953531016553153
77,S2,2000-03-18 00:00:00+00:00,2000-03-18 00:00:00+00:00,0.6821286252341751,1.3642572504683501,0.026335182987893908,0.02569682817697773,0.02569682817697773
77,S3,2000-03-18 00:00:00+00:00,2000-03-18 00:00:00+00:00,1.7007302070100299,3.4014604140200597,-0.01728515464477532,-0.01667127307424645,-0.01667127307424645
77,S4,2000-03-18 00:00:00+00:00,2000-03-18 00:00:00+00:00,1.1350456790964805,2.270091358192961,-0.01634721734298953,-0.016547102540832397,-0.016547102540832397
77,S5,2000-03-18 00:00:00+00:00,2000-03-18 00:00:00+00:00,0.3125628347462472,0.6251256694924944,-0.020413563713496508,-0.016212935404251443,-0.016212935404251443
77,S6,2000-03-18 00:00:00+00:00,2000-03-18 00:00:00+00:00,0.30197600611542663,0.6039520122308533,0.016624574292713974,0.013862159749972654,0.013862159749972654
77,S7,2000-03-18 00:00:00+00:00,2000-03-18 00:00:00+00:00,0.7869453479945998,1.5738906959891996,0.027152824050062578,0.029342888435591873,0.029342888435591873
78,S0,2000-03-19 00:00:00+00:00,2000-03-19 00:00:00+00:00,-0.5393269947423406,-1.0786539894846812,-0.005648434207302213,-0.0013221524507075555,-0.0013221524507075555
78,S1,2000-03-19 00:00:00+00:00,2000-03-19 00:00:00+00:00,-0.040188054943185156,-0.08037610988637031,-0.01695070631433944,-0.015068004706808899,-0.015068004706808899
78,S2,2000-03-19 00:00:00+00:00,2000-03-19 00:00:00+00:00,0.9062390030785368,1.8124780061570736,-0.008570338814277144,-0.006938511652716573,-0.006938511652716573
78,S3,2000-03-19 00:00:00+00:00,2000-03-19 00:00:00+00:00,1.9574452148950907,3.9148904297901814,0.02077967060065562,0.01965448337390845,0.01965448337390845
78,S4,2000-03-19 00:00:00+00:00,2000-03-19 00:00:00+00:00,-0.159267305731742,-0.318534611463484,-0.020240540482551007,-0.018450569654548058,-0.018450569654548058
78,S5,2000-03-19 00:00:00+00:00,2000-03-19 00:00:00+00:00,-0.04840068932986404,-0.09680137865972809,0.018059095562977887,0.017453114403086133,0.017453114403086133
78,S6,2000-03-19 00:00:00+00:00,2000-03-19 00:00:00+00:00,0.19848019378767898,0.39696038757535795,0.016013366208298623,0.017895111290463006,0.017895111290463006
78,S7,2000-03-19 00:00:00+00:00,2000-03-19 00:00:00+00:00,1.3432036940080567,2.6864073880161135,0.006729630255168536,0.0022784527552084247,0.0022784527552084247
79,S0,2000-03-20 00:00:00+00:00,2000-03-20 00:00:00+00:00,-0.03031330358915025,-0.0606266071783005,0.0069088803930624325,0.005781319851613491,0.005781319851613491
79,S1,2000-03-20 00:00:00+00:00,2000-03-20 00:00:00+00:00,1.469359036471145,2.93871807294229,0.017283423810237696,0.01333424888968699,0.01333424888968699
79,S2,2000-03-20 00:00:00+00:00,2000-03-20 00:00:00+00:00,-0.9666572174287505,-1.933314434857501,0.01366457800170151,0.015657146399009027,0.015657146399009027
79,S3,2000-03-20 00:00:00+00:00,2000-03-20 00:00:00+00:00,-0.18603629573699512,-0.37207259147399024,-0.018941610421541175,-0.020305297886666216,-0.020305297886666216
79,S4,2000-03-20 00:00:00+00:00,2000-03-20 00:00:00+00:00,-0.19816515668552595,-0.3963303133710519,0.011259623348676856,0.013136032657328846,0.013136032657328846
79,S5,2000-03-20 00:00:00+00:00,2000-03-20 00:00:00+00:00,0.78650572409622,1.57301144819244,-0.005079132360107065,-0.006271773601864431,-0.006271773601864431
79,S6,2000-03-20 00:00:00+00:00,2000-03-20 00:00:00+00:00,1.0452603769782782,2.0905207539565565,-0.00973336234372511,-0.011124749719389416,-0.011124749719389416
79,S7,2000-03-20 00:00:00+00:00,2000-03-20 00:00:00+00:00,-1.5094443581182324,-3.018888716236465,-0.011441081572000578,-0.008287067428219073,-0.008287067428219073
80,S0,2000-03-21 00:00:00+00:00,2000-03-21 00:00:00+00:00,-0.9151176258112247,-1.8302352516224494,-0.009991876325076452,-0.007753244438198807,-0.007753244438198807
80,S1,2000-03-21 00:00:00+00:00,2000-03-21 00:00:00+00:00,0.3368524787764621,0.6737049575529243,-0.016641293629151205,-0.014342594396729668,-0.014342594396729668
80,S2,2000-03-21 00:00:00+00:00,2000-03-21 00:00:00+00:00,-0.6586936458858148,-1.3173872917716296,-0.03044621243100259,-0.027472340641722045,-0.027472340641722045
80,S3,2000-03-21 00:00:00+00:00,2000-03-21 00:00:00+00:00,-1.522427775647643,-3.044855551295286,-0.02252790217912241,-0.021098744207271928,-0.021098744207271928
80,S4,2000-03-21 00:00:00+00:00,2000-03-21 00:00:00+00:00,1.0384799720234792,2.0769599440469584,0.023173533099062747,0.025061668636882094,0.025061668636882094
80,S5,2000-03-21 00:00:00+00:00,2000-03-21 00:00:00+00:00,0.49397008415364824,0.9879401683072965,0.027678153489242657,0.030536813252168515,0.030536813252168515
80,S6,2000-03-21 00:00:00+00:00,2000-03-21 00:00:00+00:00,0.4931774968607472,0.9863549937214944,0.011073502464566086,0.010846847041651583,0.010846847041651583
80,S7,2000-03-21 00:00:00+00:00,2000-03-21 00:00:00+00:00,-0.4754457164460954,-0.9508914328921908,0.016131141518018022,0.015009489471736505,0.015009489471736505
81,S0,2000-03-22 00:00:00+00:00,2000-03-22 00:00:00+00:00,1.028938452167321,2.057876904334642,-0.005337608542679416,-0.002738086844286047,-0.002738086844286047
81,S1,2000-03-22 00:00:00+00:00,2000-03-22 00:00:00+00:00,-0.23995999642712024,-0.4799199928542405,-0.0023032339079177996,-0.0012184612810342858,-0.0012184612810342858
81,S2,2000-03-22 00:00:00+00:00,2000-03-22 00:00:00+00:00,1.0964352778229522,2.1928705556459045,0.009570349955136087,0.009525865926392497,0.009525865926392497
81,S3,2000-03-22 00:00:00+00:00,2000-03-22 00:00:00+00:00,-0.9116651509426222,-1.8233303018852445,-0.019402960318915852,-0.018967350546457453,-0.018967350546457453
81,S4,2000-03-22 00:00:00+00:00,2000-03-22 00:00:00+00:00,-0.8541354476838009,-1.7082708953676018,-0.018740986881052055,-0.017367050462739623,-0.017367050462739623
81,S5,2000-03-22 00:00:00+00:00,2000-03-22 00:00:00+00:00,0.20466321059769635,0.4093264211953927,0.0048223609857020455,0.003174966273869418,0.003174966273869418
81,S6,2000-03-22 00:00:00+00:00,2000-03-22 00:00:00+00:00,-0.7023321457970587,-1.4046642915941174,-0.004995032011770243,-0.006715233655903706,-0.006715233655903706
81,S7,2000-03-22 00:00:00+00:00,2000-03-22 00:00:00+00:00,0.6754510653688304,1.3509021307376607,-0.010967729798483095,-0.012352893600712199,-0.012352893600712199
82,S0,2000-03-23 00:00:00+00:00,2000-03-23 00:00:00+00:00,0.26008774412905367,0.5201754882581073,0.009225081321700492,0.009616531917722045,0.009616531917722045
82,S1,2000-03-23 00:00:00+00:00,2000-03-23 00:00:00+00:00,-0.9229712178630985,-1.845942435726197,-0.0008652738430395303,-0.004862875376485684,-0.004862875376485684
82,S2,2000-03-23 00:00:00+00:00,2000-03-23 00:00:00+00:00,0.07286560094510024,0.14573120189020047,0.021895375561316332,0.01838997066878529,0.01838997066878529
82,S3,2000-03-23 00:00:00+00:00,2000-03-23 00:00:00+00:00,-0.35127768818736665,-0.7025553763747333,0.0005154265063537949,0.0012953717220948924,0.0012953717220948924
82,S4,2000-03-23 00:00:00+00:00,2000-03-23 00:00:00+00:00,0.9158328291770471,1.8316656583540942,0.0017200830204402967,0.0019369334320258596,0.0019369334320258596
82,S5,2000-03-23 00:00:00+00:00,2000-03-23 00:00:00+00:00,-0.6325529831782043,-1.2651059663564086,0.004562954867552356,0.0021630848396125262,0.0021630848396125262
82,S6,2000-03-23 00:00:00+00:00,2000-03-23 00:00:00+00:00,-0.43917309547287997,-0.8783461909457599,-0.003134438821751886,-0.0015582451897633515,-0.0015582451897633515
82,S7,2000-03-23 00:00:00+00:00,2000-03-23 00:00:00+00:00,1.2112369053763345,2.422473810752669,-0.0015781025422188268,-0.002397544091754168,-0.002397544091754168
83,S0,2000-03-24 00:00:00+00:00,2000-03-24 00:00:00+00:00,2.238593389242513,4.477186778485026,-0.005666137807191677,-0.005780419868152716,-0.005780419868152716
83,S1,2000-03-24 00:00:00+00:00,2000-03-24 00:00:00+00:00,1.999008664227936,3.998017328455872,0.009146910366342794,0.010531868147831597,0.010531868147831597
83,S2,2000-03-24 00:00:00+00:00,2000-03-24 00:00:00+00:00,0.06322301166060816,0.12644602332121632,0.0008032408978291373,0.0012451906597348798,0.0012451906597348798
83,S3,2000-03-24 00:00:00+00:00,2000-03-24 00:00:00+00:00,0.21885470706822427,0.43770941413644854,0.008340911855439816,0.011463383829842138,0.011463383829842138
83,S4,2000-03-24 00:00:00+00:00,2000-03-24 00:00:00+00:00,1.5334586622826605,3.066917324565321,-0.02903216611811786,-0.027966526638956875,-0.027966526638956875
83,S5,2000-03-24 00:00:00+00:00,2000-03-24 00:00:00+00:00,-0.12443480624463125,-0.2488696124892625,-0.01907019519332394,-0.015099551547720334,-0.015099551547720334
83,S6,2000-03-24 00:00:00+00:00,2000-03-24 00:00:00+00:00,-0.9763491371373664,-1.9526982742747327,-0.014249633041837061,-0.018829478863179913,-0.018829478863179913
83,S7,2000-03-24 00:00:00+00:00,2000-03-24 00:00:00+00:00,0.11687559743629844,0.23375119487259688,-0.0026306577820991942,-0.005661362064530061,-0.005661362064530061
84,S0,2000-03-25 00:00:00+00:00,2000-03-25 00:00:00+00:00,0.45151678053213146,0.9030335610642629,0.009660430396407852,0.007184360784673715,0.007184360784673715
84,S1,2000-03-25 00:00:00+00:00,2000-03-25 00:00:00+00:00,-0.8291496178182481,-1.6582992356364963,0.0017685841266049866,0.0011463089448396305,0.0011463089448396305
84,S2,2000-03-25 00:00:00+00:00,2000-03-25 00:00:00+00:00,-1.6462311414991517,-3.2924622829983035,0.019335174470027996,0.01732035181689864,0.01732035181689864
84,S3,2000-03-25 00:00:00+00:00,2000-03-25 00:00:00+00:00,-1.4367295145541013,-2.8734590291082025,0.01164656300882138,0.009085047202868297,0.009085047202868297
84,S4,2000-03-25 00:00:00+00:00,2000-03-25 00:00:00+00:00,0.665429284172329,1.330858568344658,-0.0006246800812692663,-0.002673090669461805,-0.002673090669461805
84,S5,2000-03-25 00:00:00+00:00,2000-03-25 00:00:00+00:00,-0.7583765163118437,-1.5167530326236873,0.030997345672745084,0.0291447412831226,0.0291447412831226
84,S6,2000-03-25 00:00:00+00:00,2000-03-25 00:00:00+00:00,-0.14134709237111392,-0.28269418474222785,0.02473744755150872,0.026546544916188006,0.026546544916188006
84,S7,2000-03-25 00:00:00+00:00,2000-03-25 00:00:00+00:00,0.21255868433783848,0.42511736867567695,0.0052733580086746935,0.004401492565863804,0.004401492565863804
85,S0,2000-03-26 00:00:00+00:00,2000-03-26 00:00:00+00:00,0.6191408790947098,1.2382817581894197,0.020991794856330688,0.022046943488206523,0.022046943488206523
85,S1,2000-03-26 00:00:00+00:00,2000-03-26 00:00:00+00:00,-0.3349027987134741,-0.6698055974269482,-0.00761367591275852,-0.005265886053612086,-0.005265886053612086
85,S2,2000-03-26 00:00:00+00:00,2000-03-26 00:00:00+00:00,0.49871570048060176,0.9974314009612035,0.02371142049322235,0.025981512699416367,0.025981512699416367
85,S3,2000-03-26 00:00:00+00:00,2000-03-26 00:00:00+00:00,-0.8900602921208429,-1.7801205842416858,0.001141087765932151,0.0002734639707319001,0.0002734639707319001
85,S4,2000-03-26 00:00:00+00:00,2000-03-26 00:00:00+00:00,-0.36171402567801186,-0.7234280513560237,-0.0042707760746419215,-0.006388318293514501,-0.006388318293514501
85,S5,2000-03-26 00:00:00+00:00,2000-03-26 00:00:00+00:00,-1.0244155877878707,-2.0488311755757413,-0.005317758951545173,-0.0025930545478648637,-0.0025930545478648637
85,S6,2000-03-26 00:00:00+00:00,2000-03-26 00:00:00+00:00,1.1317672163619168,2.2635344327238336,0.00364214524680929,0.000140787048730431,0.000140787048730431
85,S7,2000-03-26 00:00:00+00:00,2000-03-26 00:00:00+00:00,-0.027083228066991226,-0.05416645613398245,0.012823181444609592,0.009874935768159175,0.009874935768159175
86,S0,2000-03-27 00:00:00+00:00,2000-03-27 00:00:00+00:00,-0.7393074876302995,-1.478614975260599,0.003378812056461235,0.0041307251719034255,0.0041307251719034255
86,S1,2000-03-27 00:00:00+00:00,2000-03-27 00:00:00+00:00,-0.3523717980651465,-0.704743596130293,0.0026714309033713532,0.0035889339032686915,0.0035889339032686915
86,S2,2000-03-27 00:00:00+00:00,2000-03-27 00:00:00+00:00,-0.22172848072327495,-0.4434569614465499,-0.004912777274582606,-0.004774768991461635,-0.004774768991461635
86,S3,2000-03-27 00:00:00+00:00,2000-03-27 00:00:00+00:00,0.7005197913250095,1.401039582650019,-0.045682660549423534,-0.0476527713714453,-0.0476527713714453
86,S4,2000-03-27 00:00:00+00:00,2000-03-27 00:00:00+00:00,-1.595636178185236,-3.191272356370472,-0.0012877801590095678,-0.0005286338665433782,-0.0005286338665433782
86,S5,2000-03-27 00:00:00+00:00,2000-03-27 00:00:00+00:00,-1.037205841625419,-2.074411683250838,-0.0303373066420065,-0.028130962419198983,-0.028130962419198983
86,S6,2000-03-27 00:00:00+00:00,2000-03-27 00:00:00+00:00,-0.3781072515574971,-0.7562145031149942,0.007304480527926901,0.006611772883661628,0.006611772883661628
86,S7,2000-03-27 00:00:00+00:00,2000-03-27 00:00:00+00:00,2.5323058327678063,5.064611665535613,0.027426992915591995,0.03155250604326142,0.03155250604326142
87,S0,2000-03-28 00:00:00+00:00,2000-03-28 00:00:00+00:00,0.9556788925319947,1.9113577850639893,0.006017618553441743,0.0057318177992586004,0.0057318177992586004
87,S1,2000-03-28 00:00:00+00:00,2000-03-28 00:00:00+00:00,-0.11145167913094357,-0.22290335826188715,-0.006164935566842496,-0.008486537990427676,-0.008486537990427676
87,S2,2000-03-28 00:00:00+00:00,2000-03-28 00:00:00+00:00,0.7119995824108395,1.423999164821679,-0.0014352806674507827,-0.0020493480778531648,-0.0020493480778531648
87,S3,2000-03-28 00:00:00+00:00,2000-03-28 00:00:00+00:00,2.057436169630336,4.114872339260672,0.005597655885926333,0.004034622925177831,0.004034622925177831
87,S4,2000-03-28 00:00:00+00:00,2000-03-28 00:00:00+00:00,-0.23374392677539008,-0.46748785355078015,-0.010383436461662046,-0.011372782446417588,-0.011372782446417588
87,S5,2000-03-28 00:00:00+00:00,2000-03-28 00:00:00+00:00,-0.36641334409756016,-0.7328266881951203,-0.010964407054595535,-0.012421678129415505,-0.012421678129415505
87,S6,2000-03-28 00:00:00+00:00,2000-03-28 00:00:00+00:00,1.2119435432218957,2.4238870864437914,-0.010918445669125474,-0.01120984764577841,-0.01120984764577841
87,S7,2000-03-28 00:00:00+00:00,2000-03-28 00:00:00+00:00,0.49417549813294265,0.9883509962658853,0.015941696921877087,0.01759995334284782,0.01759995334284782
88,S0,2000-03-29 00:00:00+00:00,2000-03-29 00:00:00+00:00,0.6713331553225568,1.3426663106451135,0.0014555066593903514,0.001904193523063032,0.001904193523063032
88,S1,2000-03-29 00:00:00+00:00,2000-03-29 00:00:00+00:00,-0.5082223992805806,-1.016444798561161,0.011616817696670972,0.011763341337878663,0.011763341337878663
88,S2,2000-03-29 00:00:00+00:00,2000-03-29 00:00:00+00:00,1.9242031323427422,3.8484062646854844,0.005915929539563125,0.0033982068907918634,0.0033982068907918634
88,S3,2000-03-29 00:00:00+00:00,2000-03-29 00:00:00+00:00,1.7095908015936603,3.4191816031873206,0.010625325187739454,0.007373039456935539,0.007373039456935539
88,S4,2000-03-29 00:00:00+00:00,2000-03-29 00:00:00+00:00,0.5659477888727499,1.1318955777454998,1.4352792911797446e-06,-0.0008397885421670905,-0.0008397885421670905
88,S5,2000-03-29 00:00:00+00:00,2000-03-29 00:00:00+00:00,0.6842898381472375,1.368579676294475,0.007626353403750897,0.009131860177591919,0.009131860177591919
88,S6,2000-03-29 00:00:00+00:00,2000-03-29 00:00:00+00:00,-2.0272608722430356,-4.054521744486071,0.002283287096646296,0.0037426513029287147,0.0037426513029287147
88,S7,2000-03-29 00:00:00+00:00,2000-03-29 00:00:00+00:00,0.6377097934972082,1.2754195869944165,0.005223560468090007,0.005598568493034082,0.005598568493034082
89,S0,2000-03-30 00:00:00+00:00,2000-03-30 00:00:00+00:00,-0.19410858722532306,-0.38821717445064613,-0.004739083310974947,-0.007516678304632461,-0.007516678304632461
89,S1,2000-03-30 00:00:00+00:00,2000-03-30 00:00:00+00:00,0.43390570582822213,0.8678114116564443,-0.005927538594659103,-0.006596686057132884,-0.006596686057132884
89,S2,2000-03-30 00:00:00+00:00,2000-03-30 00:00:00+00:00,0.6824594118460978,1.3649188236921956,0.03087372805343627,0.030984394239695647,0.030984394239695647
89,S3,2000-03-30 00:00:00+00:00,2000-03-30 00:00:00+00:00,-0.3412917681082754,-0.6825835362165508,-0.003728758677225695,-0.002198733681845927,-0.002198733681845927
89,S4,2000-03-30 00:00:00+00:00,2000-03-30 00:00:00+00:00,-1.6904818001870843,-3.3809636003741685,-0.005996702910710023,-0.007761460930801165,-0.007761460930801165
89,S5,2000-03-30 00:00:00+00:00,2000-03-30 00:00:00+00:00,0.36787456507423494,0.7357491301484699,0.027392350917859454,0.026813607902556748,0.026813607902556748
89,S6,2000-03-30 00:00:00+00:00,2000-03-30 00:00:00+00:00,-0.7413836524403951,-1.4827673048807901,0.01661782564933205,0.016719381233159438,0.016719381233159438
89,S7,2000-03-30 00:00:00+00:00,2000-03-30 00:00:00+00:00,-0.3301940927243394,-0.6603881854486788,0.010260638654902433,0.010053791221852923,0.010053791221852923
90,S0,2000-03-31 00:00:00+00:00,2000-03-31 00:00:00+00:00,-0.6045098440941945,-1.209019688188389,-0.30071893746793515,-0.005880347489222274,-0.005880347489222274
90,S1,2000-03-31 00:00:00+00:00,2000-03-31 00:00:00+00:00,-0.34157425525518803,-0.6831485105103761,-0.25008556960755673,0.03646030677741406,0.03646030677741406
90,S2,2000-03-31 00:00:00+00:00,2000-03-31 00:00:00+00:00,-2.3095209572659416,-4.619041914531883,-0.662816261816396,-0.0008148370965425896,-0.0008148370965425896
90,S3,2000-03-31 00:00:00+00:00,2000-03-31 00:00:00+00:00,1.2169471272315173,2.4338942544630346,0.6655533312968765,0.015601210606870015,0.015601210606870015
90,S4,2000-03-31 00:00:00+00:00,2000-03-31 00:00:00+00:00,0.253346102326474,0.506692204652948,-0.4475872036585079,0.0009754323526941565,0.0009754323526941565
90,S5,2000-03-31 00:00:00+00:00,2000-03-31 00:00:00+00:00,1.111399262918864,2.222798525837728,-0.6034502411563222,-0.014240374676119102,-0.014240374676119102
90,S6,2000-03-31 00:00:00+00:00,2000-03-31 00:00:00+00:00,1.9798418298099358,3.9596836596198717,-0.7421559232520144,-0.009573423737744939,-0.009573423737744939
90,S7,2000-03-31 00:00:00+00:00,2000-03-31 00:00:00+00:00,0.022593122562750742,0.045186245125501484,0.556581474538103,0.008723685284670987,0.008723685284670987
91,S0,2000-04-01 00:00:00+00:00,2000-04-01 00:00:00+00:00,-1.8024362558405755,-3.604872511681151,-0.5329746595908769,-0.011658678200002551,-0.011658678200002551
91,S1,2000-04-01 00:00:00+00:00,2000-04-01 00:00:00+00:00,-0.8938868503795847,-1.7877737007591694,-1.675897443561961,-0.017501896889553246,-0.017501896889553246
91,S2,2000-04-01 00:00:00+00:00,2000-04-01 00:00:00+00:00,-1.2069044808967102,-2.4138089617934204,0.6226567571791163,-0.032729249443873704,-0.032729249443873704
91,S3,2000-04-01 00:00:00+00:00,2000-04-01 00:00:00+00:00,-0.501874643144999,-1.003749286289998,-0.7013361745773419,-0.0339587411394439,-0.0339587411394439
91,S4,2000-04-01 00:00:00+00:00,2000-04-01 00:00:00+00:00,0.07964797806597748,0.15929595613195496,0.3570027287853869,-0.014925542681065367,-0.014925542681065367
91,S5,2000-04-01 00:00:00+00:00,2000-04-01 00:00:00+00:00,-2.002187267023239,-4.004374534046478,0.3737851542918249,-0.04017704267629177,-0.04017704267629177
91,S6,2000-04-01 00:00:00+00:00,2000-04-01 00:00:00+00:00,0.34247549334155225,0.6849509866831045,1.2036069753849026,0.00452725738412319,0.00452725738412319
91,S7,2000-04-01 00:00:00+00:00,2000-04-01 00:00:00+00:00,-1.5103566532858779,-3.0207133065717557,1.0445304192171838,0.0009221704853963897,0.0009221704853963897
92,S0,2000-04-02 00:00:00+00:00,2000-04-02 00:00:00+00:00,0.29736526280001135,0.5947305256000227,-0.5750296008596302,0.04818064908322006,0.04818064908322006
92,S1,2000-04-02 00:00:00+00:00,2000-04-02 00:00:00+00:00,-0.1094911451769814,-0.2189822903539628,-0.1663845850941834,0.017292472780924113,0.017292472780924113
92,S2,2000-04-02 00:00:00+00:00,2000-04-02 00:00:00+00:00,-0.3136312391925775,-0.627262478385155,-1.2904060742868677,-0.0055915934441120585,-0.0055915934441120585
92,S3,2000-04-02 00:00:00+00:00,2000-04-02 00:00:00+00:00,-0.07304305594131319,-0.14608611188262638,1.677332657137839,-0.008811471426721344,-0.008811471426721344
92,S4,2000-04-02 00:00:00+00:00,2000-04-02 00:00:00+00:00,-0.5397780157316924,-1.0795560314633847,0.4416272147921844,-0.04937935781120043,-0.04937935781120043
92,S5,2000-04-02 00:00:00+00:00,2000-04-02 00:00:00+00:00,-0.6124714434041737,-1.2249428868083474,1.394418722263127,-0.0068175472655248705,-0.0068175472655248705
92,S6,2000-04-02 00:00:00+00:00,2000-04-02 00:00:00+00:00,-1.6827563908688876,-3.3655127817377752,-0.31899618316650463,-0.004829958136946683,-0.004829958136946683
92,S7,2000-04-02 00:00:00+00:00,2000-04-02 00:00:00+00:00,-0.02962731484932925,-0.0592546296986585,-2.049144426962762,0.01895427518174827,0.01895427518174827
93,S0,2000-04-03 00:00:00+00:00,2000-04-03 00:00:00+00:00,1.8455337106233174,3.691067421246635,1.5317126573973903,0.03448562267071829,0.03448562267071829
93,S1,2000-04-03 00:00:00+00:00,2000-04-03 00:00:00+00:00,1.9804950628846045,3.960990125769209,0.093117608770828,0.0346767118876548,0.0346767118876548
93,S2,2000-04-03 00:00:00+00:00,2000-04-03 00:00:00+00:00,1.3218175965449428,2.6436351930898856,0.13318510355298108,0.026421169964832847,0.026421169964832847
93,S3,2000-04-03 00:00:00+00:00,2000-04-03 00:00:00+00:00,0.7058016008515581,1.4116032017031162,0.05546316499696648,0.03066634239031378,0.03066634239031378
93,S4,2000-04-03 00:00:00+00:00,2000-04-03 00:00:00+00:00,-0.6764801240799883,-1.3529602481599765,0.6446741234786517,0.03693756505605945,0.03693756505605945
93,S5,2000-04-03 00:00:00+00:00,2000-04-03 00:00:00+00:00,1.4427507882162613,2.8855015764325227,0.5331332843756863,0.007727335350595027,0.007727335350595027
93,S6,2000-04-03 00:00:00+00:00,2000-04-03 00:00:00+00:00,-0.056127554440968945,-0.11225510888193789,-1.590536551165916,0.010845469541718424,0.010845469541718424
93,S7,2000-04-03 00:00:00+00:00,2000-04-03 00:00:00+00:00,-0.06887550976307337,-0.13775101952614674,1.0868934551323544,-0.0031739899808476274,-0.0031739899808476274
94,S0,2000-04-04 00:00:00+00:00,2000-04-04 00:00:00+00:00,-0.29122713183926474,-0.5824542636785295,-0.5289537416914302,0.0117552564202454,0.0117552564202454
94,S1,2000-04-04 00:00:00+00:00,2000-04-04 00:00:00+00:00,0.09196189901829563,0.18392379803659126,-0.4670480462036788,0.008461144743581249,0.008461144743581249
94,S2,2000-04-04 00:00:00+00:00,2000-04-04 00:00:00+00:00,-0.43521490158805637,-0.8704298031761127,1.7274287430871647,-0.0018163368550530752,-0.0018163368550530752
94,S3,2000-04-04 00:00:00+00:00,2000-04-04 00:00:00+00:00,-0.08378216937310629,-0.16756433874621257,0.9205586078807214,-0.029673139671260985,-0.029673139671260985
94,S4,2000-04-04 00:00:00+00:00,2000-04-04 00:00:00+00:00,-1.0845991087272615,-2.169198217454523,-0.3381855529429005,-0.01310396408338777,-0.01310396408338777
94,S5,2000-04-04 00:00:00+00:00,2000-04-04 00:00:00+00:00,-0.3736637047405186,-0.7473274094810372,-1.8563921407404527,-0.016373984916222672,-0.016373984916222672
94,S6,2000-04-04 00:00:00+00:00,2000-04-04 00:00:00+00:00,2.280556469949822,4.561112939899644,0.16163727059626615,-0.0010251080922965986,-0.0010251080922965986
94,S7,2000-04-04 00:00:00+00:00,2000-04-04 00:00:00+00:00,-0.0695940279619468,-0.1391880559238936,0.5386558218553922,-0.01445988775694048,-0.01445988775694048
95,S0,2000-04-05 00:00:00+00:00,2000-04-05 00:00:00+00:00,-0.23866056477176292,-0.47732112954352585,-0.08053550884619903,0.012962715842356814,0.012962715842356814
95,S1,2000-04-05 00:00:00+00:00,2000-04-05 00:00:00+00:00,0.5323742791050526,1.0647485582101053,-1.2460390594568356,0.002324964811596362,0.002324964811596362
95,S2,2000-04-05 00:00:00+00:00,2000-04-05 00:00:00+00:00,0.708121821703462,1.416243643406924,-0.7906879653524647,0.021769110607977725,0.021769110607977725
95,S3,2000-04-05 00:00:00+00:00,2000-04-05 00:00:00+00:00,-1.1137688591720734,-2.2275377183441467,-1.2552211059990062,0.005283913166914206,0.005283913166914206
95,S4,2000-04-05 00:00:00+00:00,2000-04-05 00:00:00+00:00,-0.20715878280324507,-0.41431756560649013,0.21539653279310939,0.0008932880152630902,0.0008932880152630902
95,S5,2000-04-05 00:00:00+00:00,2000-04-05 00:00:00+00:00,0.9182758409347652,1.8365516818695304,0.8194169532093152,0.008113368589679123,0.008113368589679123
95,S6,2000-04-05 00:00:00+00:00,2000-04-05 00:00:00+00:00,0.26983762907210557,0.5396752581442111,1.025398978085778,0.0005886050821917246,0.0005886050821917246
95,S7,2000-04-05 00:00:00+00:00,2000-04-05 00:00:00+00:00,0.12195404350177193,0.24390808700354386,-0.7322278897157988,0.01881414261276898,0.01881414261276898
96,S0,2000-04-06 00:00:00+00:00,2000-04-06 00:00:00+00:00,1.5540176686087332,3.1080353372174665,0.23502528320455507,0.0044151152503541765,0.0044151152503541765
96,S1,2000-04-06 00:00:00+00:00,2000-04-06 00:00:00+00:00,-0.6777727596396438,-1.3555455192792876,0.5540697937976037,0.003983276768639821,0.003983276768639821
96,S2,2000-04-06 00:00:00+00:00,2000-04-06 00:00:00+00:00,0.08274589510763317,0.16549179021526633,-0.5111491383523914,-0.003284073396233804,-0.003284073396233804
96,S3,2000-04-06 00:00:00+00:00,2000-04-06 00:00:00+00:00,-0.5200586652550714,-1.0401173305101428,-0.1485073849502494,-0.022085750941778323,-0.022085750941778323
96,S4,2000-04-06 00:00:00+00:00,2000-04-06 00:00:00+00:00,1.4903082290762408,2.9806164581524817,2.1238663817374928,0.021823810847397172,0.021823810847397172
96,S5,2000-04-06 00:00:00+00:00,2000-04-06 00:00:00+00:00,-1.9518603992765322,-3.9037207985530644,0.20512301348010578,-0.021408327438876693,-0.021408327438876693
96,S6,2000-04-06 00:00:00+00:00,2000-04-06 00:00:00+00:00,-0.6701416954837595,-1.340283390967519,0.882958924009028,0.009777859594721064,0.009777859594721064
96,S7,2000-04-06 00:00:00+00:00,2000-04-06 00:00:00+00:00,-0.5291569660279176,-1.0583139320558352,-0.4348342857464509,0.006456675624701496,0.006456675624701496
97,S0,2000-04-07 00:00:00+00:00,2000-04-07 00:00:00+00:00,0.66353962317159,1.32707924634318,0.041757441406273826,-0.022872834440797723,-0.022872834440797723
97,S1,2000-04-07 00:00:00+00:00,2000-04-07 00:00:00+00:00,0.606275476109527,1.212550952219054,-1.7143289089975862,-0.012431612895127273,-0.012431612895127273
97,S2,2000-04-07 00:00:00+00:00,2000-04-07 00:00:00+00:00,1.3951942602387315,2.790388520477463,-0.025069817584577467,-0.0028172238811751465,-0.0028172238811751465
97,S3,2000-04-07 00:00:00+00:00,2000-04-07 00:00:00+00:00,-1.5740328423373253,-3.1480656846746506,1.1922779660243443,-0.01929339332123199,-0.01929339332123199
97,S4,2000-04-07 00:00:00+00:00,2000-04-07 00:00:00+00:00,0.7504750090304797,1.5009500180609594,2.098898578448958,-0.015415652320446359,-0.015415652320446359
97,S5,2000-04-07 00:00:00+00:00,2000-04-07 00:00:00+00:00,-0.29327986428830616,-0.5865597285766123,1.1966410277468302,0.009241824423058445,0.009241824423058445
97,S6,2000-04-07 00:00:00+00:00,2000-04-07 00:00:00+00:00,-0.6656252372581756,-1.3312504745163511,0.6868559488347655,-0.006941573291238099,-0.006941573291238099
97,S7,2000-04-07 00:00:00+00:00,2000-04-07 00:00:00+00:00,0.539568533372521,1.079137066745042,0.052964334552317326,0.0072571415150245715,0.0072571415150245715
98,S0,2000-04-08 00:00:00+00:00,2000-04-08 00:00:00+00:00,-0.9201395827356486,-1.840279165471297,-0.5999691273614508,-0.0016960907010603165,-0.0016960907010603165
98,S1,2000-04-08 00:00:00+00:00,2000-04-08 00:00:00+00:00,-2.0769132953143226,-4.153826590628645,-0.16027152315849305,0.004714369906441484,0.004714369906441484
98,S2,2000-04-08 00:00:00+00:00,2000-04-08 00:00:00+00:00,-0.37021848892263526,-0.7404369778452705,0.6128360286792118,-0.004306043010701921,-0.004306043010701921
98,S3,2000-04-08 00:00:00+00:00,2000-04-08 00:00:00+00:00,-1.4977708516419035,-2.995541703283807,-0.785142932315272,0.0020532594130933876,0.0020532594130933876
98,S4,2000-04-08 00:00:00+00:00,2000-04-08 00:00:00+00:00,-0.6489158210706784,-1.2978316421413567,0.9331250134763664,0.014574118061583242,0.014574118061583242
98,S5,2000-04-08 00:00:00+00:00,2000-04-08 00:00:00+00:00,0.3715547637511007,0.7431095275022014,-0.9841160247409937,0.010604405718564098,0.010604405718564098
98,S6,2000-04-08 00:00:00+00:00,2000-04-08 00:00:00+00:00,0.311999745614158,0.623999491228316,-1.7792439071134072,0.002833439888547302,0.002833439888547302
98,S7,2000-04-08 00:00:00+00:00,2000-04-08 00:00:00+00:00,1.5868994489785668,3.1737988979571337,-1.0120990238514636,-0.001510305230701798,-0.001510305230701798
99,S0,2000-04-09 00:00:00+00:00,2000-04-09 00:00:00+00:00,-0.19965474694348667,-0.39930949388697334,-1.6653806327439367,-0.005565702436352939,-0.005565702436352939
99,S1,2000-04-09 00:00:00+00:00,2000-04-09 00:00:00+00:00,-1.5333315905478553,-3.0666631810957106,-1.3723357604870405,-0.008240721662589635,-0.008240721662589635
99,S2,2000-04-09 00:00:00+00:00,2000-04-09 00:00:00+00:00,-0.7560968566356783,-1.5121937132713565,1.1321334096410398,-0.014181357052760591,-0.014181357052760591
99,S3,2000-04-09 00:00:00+00:00,2000-04-09 00:00:00+00:00,-0.9193842246262718,-1.8387684492525436,-0.2001518839115651,-0.022498919740804285,-0.022498919740804285
99,S4,2000-04-09 00:00:00+00:00,2000-04-09 00:00:00+00:00,-1.2178251584582491,-2.4356503169164982,0.21858026797180113,-0.004014133008089624,-0.004014133008089624
99,S5,2000-04-09 00:00:00+00:00,2000-04-09 00:00:00+00:00,0.43536719501544086,0.8707343900308817,1.158113560423026,0.03168584753412647,0.03168584753412647
99,S6,2000-04-09 00:00:00+00:00,2000-04-09 00:00:00+00:00,-0.6452323379652398,-1.2904646759304796,1.2591016819088798,-0.014399436919174724,-0.014399436919174724
99,S7,2000-04-09 00:00:00+00:00,2000-04-09 00:00:00+00:00,-1.9773728166870077,-3.9547456333740154,-0.5045956622643581,-0.010139977473812668,-0.010139977473812668
100,S0,2000-04-10 00:00:00+00:00,2000-04-10 00:00:00+00:00,0.6969228031192131,1.3938456062384261,1.3285646423852435,0.009451155911616611,0.009451155911616611
100,S1,2000-04-10 00:00:00+00:00,2000-04-10 00:00:00+00:00,-0.11142656870670702,-0.22285313741341403,0.3845977587506021,-0.0379401092727972,-0.0379401092727972
100,S2,2000-04-10 00:00:00+00:00,2000-04-10 00:00:00+00:00,0.3568372783525386,0.7136745567050772,0.003326577571476943,0.004287854250804382,0.004287854250804382
100,S3,2000-04-10 00:00:00+00:00,2000-04-10 00:00:00+00:00,0.10572154469998292,0.21144308939996584,0.44209892044452265,-0.00917232439939301,-0.00917232439939301
100,S4,2000-04-10 00:00:00+00:00,2000-04-10 00:00:00+00:00,0.6316547341483746,1.2633094682967492,-1.425626619265902,0.024299508651017817,0.024299508651017817
100,S5,2000-04-10 00:00:00+00:00,2000-04-10 00:00:00+00:00,0.038018747015535724,0.07603749403107145,-0.7861011547560429,-0.0026551423716468813,-0.0026551423716468813
100,S6,2000-04-10 00:00:00+00:00,2000-04-10 00:00:00+00:00,1.2362024834782115,2.472404966956423,-0.10814244570321527,-0.00571565720052975,-0.00571565720052975
100,S7,2000-04-10 00:00:00+00:00,2000-04-10 00:00:00+00:00,0.42498278997722555,0.8499655799544511,0.60970763126665,-0.0005749889245873743,-0.0005749889245873743
101,S0,2000-04-11 00:00:00+00:00,2000-04-11 00:00:00+00:00,0.3920676233884034,0.7841352467768068,-0.37203104966976486,0.013078414276482576,0.013078414276482576
101,S1,2000-04-11 00:00:00+00:00,2000-04-11 00:00:00+00:00,0.40986691768255656,0.8197338353651131,-0.12731875805224463,0.0022526120238735084,0.0022526120238735084
101,S2,2000-04-11 00:00:00+00:00,2000-04-11 00:00:00+00:00,-1.45663774256872,-2.91327548513744,0.9694345939731951,0.0023952352511536004,0.0023952352511536004
101,S3,2000-04-11 00:00:00+00:00,2000-04-11 00:00:00+00:00,-0.16463575180371992,-0.32927150360743984,1.411701623582731,-0.011959212568785668,-0.011959212568785668
101,S4,2000-04-11 00:00:00+00:00,2000-04-11 00:00:00+00:00,-0.2593164895494978,-0.5186329790989956,0.7671330473597029,0.004595660249735414,0.004595660249735414
101,S5,2000-04-11 00:00:00+00:00,2000-04-11 00:00:00+00:00,0.2075467211604842,0.4150934423209684,1.268422070455751,0.02147700793750794,0.02147700793750794
101,S6,2000-04-11 00:00:00+00:00,2000-04-11 00:00:00+00:00,-1.3586941642962918,-2.7173883285925835,-0.40435983904899525,0.03311453538940607,0.03311453538940607
101,S7,2000-04-11 00:00:00+00:00,2000-04-11 00:00:00+00:00,1.634114776892911,3.268229553785822,-0.30643507949272375,0.026145910034788142,0.026145910034788142
102,S0,2000-04-12 00:00:00+00:00,2000-04-12 00:00:00+00:00,0.10438866415652721,0.20877732831305443,0.3183536406709571,0.003283971286009763,0.003283971286009763
102,S1,2000-04-12 00:00:00+00:00,2000-04-12 00:00:00+00:00,-1.211317540650674,-2.422635081301348,-0.30107226867947706,0.01169862643741857,0.01169862643741857
102,S2,2000-04-12 00:00:00+00:00,2000-04-12 00:00:00+00:00,-1.7088869635788377,-3.4177739271576755,-0.5071296227030885,0.007238490776090536,0.007238490776090536
102,S3,2000-04-12 00:00:00+00:00,2000-04-12 00:00:00+00:00,-0.28128729372066874,-0.5625745874413375,1.652144333677019,0.022619900080225176,0.022619900080225176
102,S4,2000-04-12 00:00:00+00:00,2000-04-12 00:00:00+00:00,-0.08967541292646578,-0.17935082585293155,-0.20118092471986188,0.0146685448870317,0.0146685448870317
102,S5,2000-04-12 00:00:00+00:00,2000-04-12 00:00:00+00:00,-0.7182920859743898,-1.4365841719487795,-0.9660141287028223,-0.005853713333165328,-0.005853713333165328
102,S6,2000-04-12 00:00:00+00:00,2000-04-12 00:00:00+00:00,0.09211382792392302,0.18422765584784603,0.48739755201558643,0.0030325782322140472,0.0030325782322140472
102,S7,2000-04-12 00:00:00+00:00,2000-04-12 00:00:00+00:00,-0.6411757672395606,-1.2823515344791212,1.835794860042824,-0.0010898755129905213,-0.0010898755129905213
103,S0,2000-04-13 00:00:00+00:00,2000-04-13 00:00:00+00:00,0.5516582517062987,1.1033165034125973,0.08080914399911227,0.004163142861243139,0.004163142861243139
103,S1,2000-04-13 00:00:00+00:00,2000-04-13 00:00:00+00:00,-0.7245418183888837,-1.4490836367777673,1.2313729529633242,-0.0024689291361129303,-0.0024689291361129303
103,S2,2000-04-13 00:00:00+00:00,2000-04-13 00:00:00+00:00,-0.03850022510492524,-0.07700045020985048,-0.43784767972527644,-0.014466011065650493,-0.014466011065650493
103,S3,2000-04-13 00:00:00+00:00,2000-04-13 00:00:00+00:00,0.9788391733621384,1.9576783467242769,-0.49131409995602815,-0.03021475983391244,-0.03021475983391244
103,S4,2000-04-13 00:00:00+00:00,2000-04-13 00:00:00+00:00,2.5716688829102927,5.143337765820585,-0.6898210531042429,-0.0023640818445629635,-0.0023640818445629635
103,S5,2000-04-13 00:00:00+00:00,2000-04-13 00:00:00+00:00,-1.0076431926306066,-2.0152863852612133,-0.14341045707523614,-0.036996668294196566,-0.036996668294196566
103,S6,2000-04-13 00:00:00+00:00,2000-04-13 00:00:00+00:00,-0.46450777008709926,-0.9290155401741985,1.8363470040164063,-0.0034142226677716953,-0.0034142226677716953
103,S7,2000-04-13 00:00:00+00:00,2000-04-13 00:00:00+00:00,-0.8398356977999346,-1.6796713955998692,-1.1554951772849027,-0.005866875167060611,-0.005866875167060611
104,S0,2000-04-14 00:00:00+00:00,2000-04-14 00:00:00+00:00,0.7843283217692749,1.5686566435385498,1.6372388301759626,-0.021288440931982594,-0.021288440931982594
104,S1,2000-04-14 00:00:00+00:00,2000-04-14 00:00:00+00:00,-1.1480993057175632,-2.2961986114351265,-1.0084475834576556,0.006437988618436524,0.006437988618436524
104,S2,2000-04-14 00:00:00+00:00,2000-04-14 00:00:00+00:00,-0.4843570455930865,-0.968714091186173,-0.233811433507605,0.01177330642274366,0.01177330642274366
104,S3,2000-04-14 00:00:00+00:00,2000-04-14 00:00:00+00:00,-0.029601283237510274,-0.05920256647502055,0.8357914404524925,0.0020272350378365512,0.0020272350378365512
104,S4,2000-04-14 00:00:00+00:00,2000-04-14 00:00:00+00:00,-0.9786785394797441,-1.9573570789594883,0.6302657831314666,0.02180814370416669,0.02180814370416669
104,S5,2000-04-14 00:00:00+00:00,2000-04-14 00:00:00+00:00,-0.9573250423091814,-1.9146500846183627,0.28203016036171524,0.02495354632193774,0.02495354632193774
104,S6,2000-04-14 00:00:00+00:00,2000-04-14 00:00:00+00:00,-0.47562288812186493,-0.9512457762437299,-1.649366042699195,-0.019284538162693512,-0.019284538162693512
104,S7,2000-04-14 00:00:00+00:00,2000-04-14 00:00:00+00:00,-2.10044024033736,-4.20088048067472,0.3622341251425689,0.007856679530054148,0.007856679530054148
105,S0,2000-04-15 00:00:00+00:00,2000-04-15 00:00:00+00:00,-1.4454782170733342,-2.8909564341466685,-1.0223647022306919,-0.0019097267756155063,-0.0019097267756155063
105,S1,2000-04-15 00:00:00+00:00,2000-04-15 00:00:00+00:00,-0.4130340877931743,-0.8260681755863486,2.568909126646248,0.0018821282089991906,0.0018821282089991906
105,S2,2000-04-15 00:00:00+00:00,2000-04-15 00:00:00+00:00,0.14823063634199898,0.29646127268399797,-0.21342853450273708,0.011869103222036308,0.011869103222036308
105,S3,2000-04-15 00:00:00+00:00,2000-04-15 00:00:00+00:00,-0.18575998595359344,-0.3715199719071869,0.18871986650113637,-0.014271088971219542,-0.014271088971219542
105,S4,2000-04-15 00:00:00+00:00,2000-04-15 00:00:00+00:00,-1.7739686948393945,-3.547937389678789,-1.1467013904954149,-0.01872199336576187,-0.01872199336576187
105,S5,2000-04-15 00:00:00+00:00,2000-04-15 00:00:00+00:00,-0.46378629175999775,-0.9275725835199955,-0.47888011497795885,-0.01699575893649898,-0.01699575893649898
105,S6,2000-04-15 00:00:00+00:00,2000-04-15 00:00:00+00:00,0.7984376405061764,1.5968752810123528,-1.2910421611464897,-0.010870317126439086,-0.010870317126439086
105,S7,2000-04-15 00:00:00+00:00,2000-04-15 00:00:00+00:00,0.5558655119913222,1.1117310239826443,0.98153273429241,-0.0019947460527510383,-0.0019947460527510383
106,S0,2000-04-16 00:00:00+00:00,2000-04-16 00:00:00+00:00,-0.07874786152783442,-0.15749572305566883,-0.26197243172769713,-0.012557341587725677,-0.012557341587725677
106,S1,2000-04-16 00:00:00+00:00,2000-04-16 00:00:00+00:00,-0.8873698750982034,-1.7747397501964068,0.5626608092624137,-0.009700377773476949,-0.009700377773476949
106,S2,2000-04-16 00:00:00+00:00,2000-04-16 00:00:00+00:00,0.6312163709522058,1.2624327419044117,-0.684587231843967,0.020722802201483467,0.020722802201483467
106,S3,2000-04-16 00:00:00+00:00,2000-04-16 00:00:00+00:00,-0.5789289812099466,-1.1578579624198932,-0.501142471079419,0.00615485572907476,0.00615485572907476
106,S4,2000-04-16 00:00:00+00:00,2000-04-16 00:00:00+00:00,-1.1692484024740184,-2.338496804948037,1.2881806469639405,0.010602340635336726,0.010602340635336726
106,S5,2000-04-16 00:00:00+00:00,2000-04-16 00:00:00+00:00,-0.8021862351617889,-1.6043724703235778,-0.9716932777313153,-0.022012639807097823,-0.022012639807097823
106,S6,2000-04-16 00:00:00+00:00,2000-04-16 00:00:00+00:00,1.4483452917741528,2.8966905835483057,-1.8014440194195789,0.003570594556456268,0.003570594556456268
106,S7,2000-04-16 00:00:00+00:00,2000-04-16 00:00:00+00:00,0.22018003820169318,0.44036007640338637,0.4062401599587799,0.0020843927434724234,0.0020843927434724234
107,S0,2000-04-17 00:00:00+00:00,2000-04-17 00:00:00+00:00,1.1592470530477048,2.3184941060954096,-1.1413332093362307,-0.0004660762084796864,-0.0004660762084796864
107,S1,2000-04-17 00:00:00+00:00,2000-04-17 00:00:00+00:00,-0.47933631330936793,-0.9586726266187359,-0.43946639480280486,-0.01630269447007647,-0.01630269447007647
107,S2,2000-04-17 00:00:00+00:00,2000-04-17 00:00:00+00:00,0.938149339185143,1.876298678370286,0.911583381936139,0.012159730112310026,0.012159730112310026
107,S3,2000-04-17 00:00:00+00:00,2000-04-17 00:00:00+00:00,-0.6015040436180767,-1.2030080872361535,-0.8185964248135993,-0.008871244560001022,-0.008871244560001022
107,S4,2000-04-17 00:00:00+00:00,2000-04-17 00:00:00+00:00,-0.15742736903283047,-0.31485473806566094,0.8784500741824486,-0.005965583709194543,-0.005965583709194543
107,S5,2000-04-17 00:00:00+00:00,2000-04-17 00:00:00+00:00,2.4863502599556933,4.9727005199113865,-0.6812254407846772,0.004557386992683367,0.004557386992683367
107,S6,2000-04-17 00:00:00+00:00,2000-04-17 00:00:00+00:00,0.7671486322996173,1.5342972645992345,1.4906788112020686,0.008097289628683276,0.008097289628683276
107,S7,2000-04-17 00:00:00+00:00,2000-04-17 00:00:00+00:00,-0.5011703753276925,-1.002340750655385,1.3251029991712222,-0.014670078826547306,-0.014670078826547306
108,S0,2000-04-18 00:00:00+00:00,2000-04-18 00:00:00+00:00,-0.08481903902671983,-0.16963807805343967,-0.4713954106340931,0.021878218199975846,0.021878218199975846
108,S1,2000-04-18 00:00:00+00:00,2000-04-18 00:00:00+00:00,0.32622342088564454,0.6524468417712891,-0.21322815844935894,0.013587360345865676,0.013587360345865676
108,S2,2000-04-18 00:00:00+00:00,2000-04-18 00:00:00+00:00,1.2104575895159044,2.420915179031809,-0.831935530988283,0.012533972028272018,0.012533972028272018
108,S3,2000-04-18 00:00:00+00:00,2000-04-18 00:00:00+00:00,-0.48913309167015023,-0.9782661833403005,0.20000198267613195,0.004051102568520948,0.004051102568520948
108,S4,2000-04-18 00:00:00+00:00,2000-04-18 00:00:00+00:00,-1.7413190846044793,-3.4826381692089585,1.1491704925865005,0.00622087080180497,0.00622087080180497
108,S5,2000-04-18 00:00:00+00:00,2000-04-18 00:00:00+00:00,-0.2796418131263074,-0.5592836262526149,-1.4467568186858293,0.019493893438413998,0.019493893438413998
108,S6,2000-04-18 00:00:00+00:00,2000-04-18 00:00:00+00:00,0.015385457163756576,0.030770914327513152,0.9174484448098029,0.01962604270641335,0.01962604270641335
108,S7,2000-04-18 00:00:00+00:00,2000-04-18 00:00:00+00:00,0.10953796873523998,0.21907593747047996,-1.32393666447471,0.01145764186408754,0.01145764186408754
109,S0,2000-04-19 00:00:00+00:00,2000-04-19 00:00:00+00:00,1.3166901361826624,2.633380272365325,-0.8597206062622232,0.010697439071391326,0.010697439071391326
109,S1,2000-04-19 00:00:00+00:00,2000-04-19 00:00:00+00:00,0.3166870783059282,0.6333741566118564,-1.7877037608937147,-0.004677981698021783,-0.004677981698021783
109,S2,2000-04-19 00:00:00+00:00,2000-04-19 00:00:00+00:00,0.8129169716359846,1.6258339432719693,2.1049455570898674,0.014318918078844434,0.014318918078844434
109,S3,2000-04-19 00:00:00+00:00,2000-04-19 00:00:00+00:00,-1.1011136939248025,-2.202227387849605,0.058701704495031475,-0.01252365518124429,-0.01252365518124429
109,S4,2000-04-19 00:00:00+00:00,2000-04-19 00:00:00+00:00,0.8679014884245477,1.7358029768490955,0.24475266504567825,-0.03537558596456315,-0.03537558596456315
109,S5,2000-04-19 00:00:00+00:00,2000-04-19 00:00:00+00:00,2.096219831656284,4.192439663312568,-0.6761155583444093,0.02073301503351173,0.02073301503351173
109,S6,2000-04-19 00:00:00+00:00,2000-04-19 00:00:00+00:00,0.7729092902501778,1.5458185805003557,1.066966666993791,-0.0030106993160182094,-0.0030106993160182094
109,S7,2000-04-19 00:00:00+00:00,2000-04-19 00:00:00+00:00,0.25355571994071757,0.5071114398814351,-2.103176751169621,-0.0242720565936179,-0.0242720565936179
110,S0,2000-04-20 00:00:00+00:00,2000-04-20 00:00:00+00:00,0.15398818840774314,0.3079763768154863,0.026665430643394553,0.0017680315614703344,0.0017680315614703344
110,S1,2000-04-20 00:00:00+00:00,2000-04-20 00:00:00+00:00,1.7871422390260032,3.5742844780520064,2.206724745800603,-0.001983500275219168,-0.001983500275219168
110,S2,2000-04-20 00:00:00+00:00,2000-04-20 00:00:00+00:00,-0.9271814833908629,-1.8543629667817259,-0.38205401277624623,0.031919849232258435,0.031919849232258435
110,S3,2000-04-20 00:00:00+00:00,2000-04-20 00:00:00+00:00,-0.11110235795404999,-0.22220471590809998,0.017147544065978917,0.011146299198264998,0.011146299198264998
110,S4,2000-04-20 00:00:00+00:00,2000-04-20 00:00:00+00:00,0.4602075929382135,0.920415185876427,0.6722329933261406,-0.017564402831577314,-0.017564402831577314
110,S5,2000-04-20 00:00:00+00:00,2000-04-20 00:00:00+00:00,0.744001107813199,1.488002215626398,-0.811450674421006,0.015293907043116855,0.015293907043116855
110,S6,2000-04-20 00:00:00+00:00,2000-04-20 00:00:00+00:00,-0.43732790570838587,-0.8746558114167717,0.022845162704475227,-0.003604976528821229,-0.003604976528821229
110,S7,2000-04-20 00:00:00+00:00,2000-04-20 00:00:00+00:00,0.3073213947272354,0.6146427894544708,0.9609951915873551,0.03410647003374233,0.03410647003374233
111,S0,2000-04-21 00:00:00+00:00,2000-04-21 00:00:00+00:00,-0.2779214813511223,-0.5558429627022446,0.19439153237697016,-0.01754893174416432,-0.01754893174416432
111,S1,2000-04-21 00:00:00+00:00,2000-04-21 00:00:00+00:00,0.12047113280127958,0.24094226560255916,0.3709870594415659,-0.03387035483606701,-0.03387035483606701
111,S2,2000-04-21 00:00:00+00:00,2000-04-21 00:00:00+00:00,-0.13209154037389578,-0.26418308074779157,-0.34943441017370436,-0.00018712528302897743,-0.00018712528302897743
111,S3,2000-04-21 00:00:00+00:00,2000-04-21 00:00:00+00:00,-1.1415936778555495,-2.283187355711099,0.3156010589546674,-0.010433581772120202,-0.010433581772120202
111,S4,2000-04-21 00:00:00+00:00,2000-04-21 00:00:00+00:00,-0.021113585023446714,-0.04222717004689343,0.05576565906623127,-0.006980037181026161,-0.006980037181026161
111,S5,2000-04-21 00:00:00+00:00,2000-04-21 00:00:00+00:00,0.8771515220618357,1.7543030441236713,1.4550648943597244,-0.02925677814647408,-0.02925677814647408
111,S6,2000-04-21 00:00:00+00:00,2000-04-21 00:00:00+00:00,-0.9670182915416742,-1.9340365830833484,0.7243945092420175,0.001887270284342775,0.001887270284342775
111,S7,2000-04-21 00:00:00+00:00,2000-04-21 00:00:00+00:00,-0.24109174877483452,-0.48218349754966905,-0.2436818198702201,0.02348901340508755,0.02348901340508755
112,S0,2000-04-22 00:00:00+00:00,2000-04-22 00:00:00+00:00,0.6647800644571485,1.329560128914297,-2.446812469027209,-0.041907587783683954,-0.041907587783683954
112,S1,2000-04-22 00:00:00+00:00,2000-04-22 00:00:00+00:00,-1.0698651067471732,-2.1397302134943463,0.7157221552856126,-0.0026420769435767932,-0.0026420769435767932
112,S2,2000-04-22 00:00:00+00:00,2000-04-22 00:00:00+00:00,0.18263833750815855,0.3652766750163171,0.7552656803893781,-0.023731171329209363,-0.023731171329209363
112,S3,2000-04-22 00:00:00+00:00,2000-04-22 00:00:00+00:00,-1.0601298189534365,-2.120259637906873,-0.9169079780858954,0.015063587976588654,0.015063587976588654
112,S4,2000-04-22 00:00:00+00:00,2000-04-22 00:00:00+00:00,1.1346305008337747,2.2692610016675494,-1.998368421877228,-0.004852331008863569,-0.004852331008863569
112,S5,2000-04-22 00:00:00+00:00,2000-04-22 00:00:00+00:00,2.3128213818798624,4.625642763759725,-1.141807056013075,-0.009497351870599639,-0.009497351870599639
112,S6,2000-04-22 00:00:00+00:00,2000-04-22 00:00:00+00:00,2.0222552842457637,4.0445105684915275,0.9261887606444966,0.00873877579737515,0.00873877579737515
112,S7,2000-04-22 00:00:00+00:00,2000-04-22 00:00:00+00:00,-0.21918067777313757,-0.43836135554627514,-1.0647814921422254,-0.008917267777777987,-0.008917267777777987
113,S0,2000-04-23 00:00:00+00:00,2000-04-23 00:00:00+00:00,0.7401991287406264,1.4803982574812529,-0.45952514775005104,-0.0059629020448973245,-0.0059629020448973245
113,S1,2000-04-23 00:00:00+00:00,2000-04-23 00:00:00+00:00,0.120997728500156,0.241995457000312,0.22039405931717856,0.011100386143212855,0.011100386143212855
113,S2,2000-04-23 00:00:00+00:00,2000-04-23 00:00:00+00:00,0.10210589606928461,0.20421179213856921,1.2243679817358886,-0.007288873391021916,-0.007288873391021916
113,S3,2000-04-23 00:00:00+00:00,2000-04-23 00:00:00+00:00,1.5477570609378302,3.0955141218756603,-0.018157187922273207,-0.020673150183525207,-0.020673150183525207
113,S4,2000-04-23 00:00:00+00:00,2000-04-23 00:00:00+00:00,-1.319179576184154,-2.638359152368308,-0.10038732671378288,0.025160305673852086,0.025160305673852086
113,S5,2000-04-23 00:00:00+00:00,2000-04-23 00:00:00+00:00,1.0552945974661148,2.1105891949322295,-0.5488494125833665,-0.0010594270413849015,-0.0010594270413849015
113,S6,2000-04-23 00:00:00+00:00,2000-04-23 00:00:00+00:00,-0.048975995155734274,-0.09795199031146855,1.6306527884733477,-0.009367972910759812,-0.009367972910759812
113,S7,2000-04-23 00:00:00+00:00,2000-04-23 00:00:00+00:00,1.4085406206041422,2.8170812412082844,1.065950370771813,0.010678134514118861,0.010678134514118861
114,S0,2000-04-24 00:00:00+00:00,2000-04-24 00:00:00+00:00,0.18723336889944325,0.3744667377988865,-0.09512340466447079,-0.02922624683985338,-0.02922624683985338
114,S1,2000-04-24 00:00:00+00:00,2000-04-24 00:00:00+00:00,-0.6726719945261853,-1.3453439890523706,-1.3965790873035588,-0.029575070148734055,-0.029575070148734055
114,S2,2000-04-24 00:00:00+00:00,2000-04-24 00:00:00+00:00,0.27714037675138314,0.5542807535027663,-0.7902895136551409,-0.012966841441671458,-0.012966841441671458
114,S3,2000-04-24 00:00:00+00:00,2000-04-24 00:00:00+00:00,0.7359670950296834,1.4719341900593668,0.5794816391544674,-0.011432661165819782,-0.011432661165819782
114,S4,2000-04-24 00:00:00+00:00,2000-04-24 00:00:00+00:00,0.0357636741111941,0.0715273482223882,-0.7214776710204439,-0.005359308663908744,-0.005359308663908744
114,S5,2000-04-24 00:00:00+00:00,2000-04-24 00:00:00+00:00,0.4880382765565979,0.9760765531131959,0.892272952830559,0.012209816355471314,0.012209816355471314
114,S6,2000-04-24 00:00:00+00:00,2000-04-24 00:00:00+00:00,-0.521675175701983,-1.043350351403966,0.36145853452581167,-0.01577780774747899,-0.01577780774747899
114,S7,2000-04-24 00:00:00+00:00,2000-04-24 00:00:00+00:00,-2.133883900845073,-4.267767801690146,0.29265139214725167,-0.007724260959777826,-0.007724260959777826
115,S0,2000-04-25 00:00:00+00:00,2000-04-25 00:00:00+00:00,0.900023583773342,1.800047167546684,0.6534447761962298,0.009882580273083783,0.009882580273083783
115,S1,2000-04-25 00:00:00+00:00,2000-04-25 00:00:00+00:00,0.6991597361842888,1.3983194723685777,0.4985878477879019,-0.01620518085479336,-0.01620518085479336
115,S2,2000-04-25 00:00:00+00:00,2000-04-25 00:00:00+00:00,0.1481783846143336,0.2963567692286672,-0.8551775400472951,0.001278860306587018,0.001278860306587018
115,S3,2000-04-25 00:00:00+00:00,2000-04-25 00:00:00+00:00,0.06841056221032339,0.13682112442064678,-0.32583003011788636,-0.016607057516565476,-0.016607057516565476
115,S4,2000-04-25 00:00:00+00:00,2000-04-25 00:00:00+00:00,1.0362957693547372,2.0725915387094744,2.339816086453625,0.017362975170073368,0.017362975170073368
115,S5,2000-04-25 00:00:00+00:00,2000-04-25 00:00:00+00:00,-0.4571067254765605,-0.914213450953121,-1.2078565717792722,0.00225723219361879,0.00225723219361879
115,S6,2000-04-25 00:00:00+00:00,2000-04-25 00:00:00+00:00,-0.7065340653585184,-1.4130681307170367,-0.47454495956691534,-0.005319263621577711,-0.005319263621577711
115,S7,2000-04-25 00:00:00+00:00,2000-04-25 00:00:00+00:00,-0.18854986949598598,-0.37709973899197197,1.0656978923330187,-0.023590383359813016,-0.023590383359813016
116,S0,2000-04-26 00:00:00+00:00,2000-04-26 00:00:00+00:00,1.1890971885515316,2.378194377103063,-0.15926053255308995,0.015985549700381317,0.015985549700381317
116,S1,2000-04-26 00:00:00+00:00,2000-04-26 00:00:00+00:00,-1.387112904264485,-2.77422580852897,-0.8121220584483313,-0.007564553528812796,-0.007564553528812796
116,S2,2000-04-26 00:00:00+00:00,2000-04-26 00:00:00+00:00,1.1918299926140086,2.383659985228017,-1.3231737846614253,0.024846070369135376,0.024846070369135376
116,S3,2000-04-26 00:00:00+00:00,2000-04-26 00:00:00+00:00,-0.639252854205514,-1.278505708411028,0.5360279241633258,0.00514240183959086,0.00514240183959086
116,S4,2000-04-26 00:00:00+00:00,2000-04-26 00:00:00+00:00,-1.100743499724022,-2.201486999448044,1.0198924663843631,-0.007098831650312488,-0.007098831650312488
116,S5,2000-04-26 00:00:00+00:00,2000-04-26 00:00:00+00:00,1.2600618361423188,2.5201236722846376,1.3998935647672701,0.02841232659913214,0.02841232659913214
116,S6,2000-04-26 00:00:00+00:00,2000-04-26 00:00:00+00:00,-0.09689009479619475,-0.1937801895923895,0.05378851016328915,0.01992477642841206,0.01992477642841206
116,S7,2000-04-26 00:00:00+00:00,2000-04-26 00:00:00+00:00,-1.3002343643849232,-2.6004687287698465,1.0449878238722339,-0.004611082849845866,-0.004611082849845866
117,S0,2000-04-27 00:00:00+00:00,2000-04-27 00:00:00+00:00,-0.3587330590564334,-0.7174661181128668,-1.032941033258028,0.009103998731707417,0.009103998731707417
117,S1,2000-04-27 00:00:00+00:00,2000-04-27 00:00:00+00:00,0.9310524308870369,1.8621048617740739,0.16802136980277174,-0.007643196926460956,-0.007643196926460956
117,S2,2000-04-27 00:00:00+00:00,2000-04-27 00:00:00+00:00,1.192074192621773,2.384148385243546,-0.6773869828259044,-0.0067604639676995355,-0.0067604639676995355
117,S3,2000-04-27 00:00:00+00:00,2000-04-27 00:00:00+00:00,-0.42709868192105066,-0.8541973638421013,0.173838834603124,-0.006742865525904322,-0.006742865525904322
117,S4,2000-04-27 00:00:00+00:00,2000-04-27 00:00:00+00:00,0.406320759097275,0.81264151819455,0.7507136801196796,-0.016555709764249214,-0.016555709764249214
117,S5,2000-04-27 00:00:00+00:00,2000-04-27 00:00:00+00:00,0.7140846323944298,1.4281692647888595,1.0697261700303613,-0.01065974651835373,-0.01065974651835373
117,S6,2000-04-27 00:00:00+00:00,2000-04-27 00:00:00+00:00,-0.6446264937163554,-1.2892529874327108,-0.9899062157688924,-0.011877181677383742,-0.011877181677383742
117,S7,2000-04-27 00:00:00+00:00,2000-04-27 00:00:00+00:00,0.35503607516644337,0.7100721503328867,1.2674871990874712,0.0174829029232896,0.0174829029232896
118,S0,2000-04-28 00:00:00+00:00,2000-04-28 00:00:00+00:00,-0.03187791475556112,-0.06375582951112224,-0.47438623330832946,0.015827531916030556,0.015827531916030556
118,S1,2000-04-28 00:00:00+00:00,2000-04-28 00:00:00+00:00,-0.5360244104730933,-1.0720488209461867,-1.0257327877323268,-0.012566853205109248,-0.012566853205109248
118,S2,2000-04-28 00:00:00+00:00,2000-04-28 00:00:00+00:00,-0.49214793537892493,-0.9842958707578499,-0.17060422269937783,0.015648271812055577,0.015648271812055577
118,S3,2000-04-28 00:00:00+00:00,2000-04-28 00:00:00+00:00,0.06703448186721092,0.13406896373442184,-1.4625527290027724,-0.006920865875527488,-0.006920865875527488
118,S4,2000-04-28 00:00:00+00:00,2000-04-28 00:00:00+00:00,0.029853486958632845,0.05970697391726569,0.004578196723904754,-0.0007115784393524694,-0.0007115784393524694
118,S5,2000-04-28 00:00:00+00:00,2000-04-28 00:00:00+00:00,-0.5654899533243374,-1.1309799066486748,0.2897041392843967,0.004452005138952058,0.004452005138952058
118,S6,2000-04-28 00:00:00+00:00,2000-04-28 00:00:00+00:00,-0.4259451084001599,-0.8518902168003198,-0.20037008367977566,-0.0038627655949570253,-0.0038627655949570253
118,S7,2000-04-28 00:00:00+00:00,2000-04-28 00:00:00+00:00,1.1133372383403377,2.2266744766806754,0.5361646905610279,0.03414137946173039,0.03414137946173039
119,S0,2000-04-29 00:00:00+00:00,2000-04-29 00:00:00+00:00,0.21382713517698357,0.42765427035396714,-0.3146810553474001,0.013390800395496425,0.013390800395496425
119,S1,2000-04-29 00:00:00+00:00,2000-04-29 00:00:00+00:00,0.8850943665882824,1.7701887331765649,0.00405102856606363,-0.005538164075078428,-0.005538164075078428
119,S2,2000-04-29 00:00:00+00:00,2000-04-29 00:00:00+00:00,1.2018222319374203,2.4036444638748407,-1.44066416825302,0.033274650686693205,0.033274650686693205
119,S3,2000-04-29 00:00:00+00:00,2000-04-29 00:00:00+00:00,0.5888422596395486,1.1776845192790972,0.04267216738329507,0.005059713777108376,0.005059713777108376
119,S4,2000-04-29 00:00:00+00:00,2000-04-29 00:00:00+00:00,2.2708863133824324,4.541772626764865,-0.8510364071272692,0.013404517424538088,0.013404517424538088
119,S5,2000-04-29 00:00:00+00:00,2000-04-29 00:00:00+00:00,-0.8253040317638951,-1.6506080635277902,-0.449778602782884,-0.039291012238405865,-0.039291012238405865
119,S6,2000-04-29 00:00:00+00:00,2000-04-29 00:00:00+00:00,0.8084095930822921,1.6168191861645842,-0.09367906152695865,0.027133724008360085,0.027133724008360085
119,S7,2000-04-29 00:00:00+00:00,2000-04-29 00:00:00+00:00,-0.3181439730310917,-0.6362879460621834,0.19097763255239386,0.019889458448153385,0.019889458448153385
120,S0,2000-04-30 00:00:00+00:00,2000-04-30 00:00:00+00:00,1.855783263371278,3.711566526742556,-1.6466656291878172,0.020123606676824023,0.020123606676824023
120,S1,2000-04-30 00:00:00+00:00,2000-04-30 00:00:00+00:00,1.7004401213924243,3.4008802427848486,-1.5634262078942067,0.022193030456270055,0.022193030456270055
120,S2,2000-04-30 00:00:00+00:00,2000-04-30 00:00:00+00:00,-1.9542111820067407,-3.9084223640134814,-0.3019750522481945,0.018263339841541926,0.018263339841541926
120,S3,2000-04-30 00:00:00+00:00,2000-04-30 00:00:00+00:00,-0.9688662425118804,-1.9377324850237607,0.4743859386160522,-0.003850311182901208,-0.003850311182901208
120,S4,2000-04-30 00:00:00+00:00,2000-04-30 00:00:00+00:00,0.6643129107943418,1.3286258215886837,0.3602414175762638,0.017436680638527515,0.017436680638527515
120,S5,2000-04-30 00:00:00+00:00,2000-04-30 00:00:00+00:00,0.7898672098844762,1.5797344197689525,0.8927804352327263,-0.007282946817096602,-0.007282946817096602
120,S6,2000-04-30 00:00:00+00:00,2000-04-30 00:00:00+00:00,0.7365642161592768,1.4731284323185536,1.3010764648176134,-0.0016455793675171624,-0.0016455793675171624
120,S7,2000-04-30 00:00:00+00:00,2000-04-30 00:00:00+00:00,-0.0708653281733429,-0.1417306563466858,0.4964333278446989,0.016283122525058195,0.016283122525058195
121,S0,2000-05-01 00:00:00+00:00,2000-05-01 00:00:00+00:00,0.45512082456347686,0.9102416491269537,-0.019862269909256384,0.01719572623678777,0.01719572623678777
121,S1,2000-05-01 00:00:00+00:00,2000-05-01 00:00:00+00:00,0.6530214357863233,1.3060428715726466,-1.0314578018078389,-0.007880756639976604,-0.007880756639976604
121,S2,2000-05-01 00:00:00+00:00,2000-05-01 00:00:00+00:00,-0.07787126953732391,-0.15574253907464783,-0.9460677795774783,0.014616841120615644,0.014616841120615644
121,S3,2000-05-01 00:00:00+00:00,2000-05-01 00:00:00+00:00,1.0273019683616285,2.054603936723257,-0.46717047157486447,0.010873921766091216,0.010873921766091216
121,S4,2000-05-01 00:00:00+00:00,2000-05-01 00:00:00+00:00,-2.259497249109046,-4.518994498218092,0.26748660663939233,-0.011809597858097627,-0.011809597858097627
121,S5,2000-05-01 00:00:00+00:00,2000-05-01 00:00:00+00:00,0.6337935195699923,1.2675870391399846,0.2207355331904661,0.0185578653385408,0.0185578653385408
121,S6,2000-05-01 00:00:00+00:00,2000-05-01 00:00:00+00:00,-1.034052612285726,-2.068105224571452,0.0042437559381249155,-0.0006954104059261525,-0.0006954104059261525
121,S7,2000-05-01 00:00:00+00:00,2000-05-01 00:00:00+00:00,0.9586778079693892,1.9173556159387783,-0.15272265795460252,-0.010214248590253001,-0.010214248590253001
122,S0,2000-05-02 00:00:00+00:00,2000-05-02 00:00:00+00:00,-0.2286844248912001,-0.4573688497824002,0.6304962543040656,-0.015586422634942454,-0.015586422634942454
122,S1,2000-05-02 00:00:00+00:00,2000-05-02 00:00:00+00:00,-0.8887872710840246,-1.777574542168049,0.20833243110708471,0.02497804630851453,0.02497804630851453
122,S2,2000-05-02 00:00:00+00:00,2000-05-02 00:00:00+00:00,0.3739021567442434,0.7478043134884867,0.29784680185810103,-0.019232680870241794,-0.019232680870241794
122,S3,2000-05-02 00:00:00+00:00,2000-05-02 00:00:00+00:00,-0.9113334978457667,-1.8226669956915333,0.30843711906436094,0.001692343059519596,0.001692343059519596
122,S4,2000-05-02 00:00:00+00:00,2000-05-02 00:00:00+00:00,-0.9127678975553941,-1.8255357951107882,-0.5462929562689646,0.007495411369098426,0.007495411369098426
122,S5,2000-05-02 00:00:00+00:00,2000-05-02 00:00:00+00:00,-1.567294355953092,-3.134588711906184,-1.0308375209161729,0.005314302515387699,0.005314302515387699
122,S6,2000-05-02 00:00:00+00:00,2000-05-02 00:00:00+00:00,-0.026707754798113225,-0.05341550959622645,0.4911277930743177,-0.01649326165407638,-0.01649326165407638
122,S7,2000-05-02 00:00:00+00:00,2000-05-02 00:00:00+00:00,0.4968235216908353,0.9936470433816706,0.4167273690922375,-0.0008401342088710335,-0.0008401342088710335
123,S0,2000-05-03 00:00:00+00:00,2000-05-03 00:00:00+00:00,1.0230259861312425,2.046051972262485,-0.2200260609312674,0.0007624167918155889,0.0007624167918155889
123,S1,2000-05-03 00:00:00+00:00,2000-05-03 00:00:00+00:00,-0.14172786178901123,-0.28345572357802246,-0.41574093284844815,0.005993839430388017,0.005993839430388017
123,S2,2000-05-03 00:00:00+00:00,2000-05-03 00:00:00+00:00,1.0478552084476458,2.0957104168952916,2.278424050275165,-0.010925379664057145,-0.010925379664057145
123,S3,2000-05-03 00:00:00+00:00,2000-05-03 00:00:00+00:00,0.017960975134801903,0.035921950269603806,-0.7592090438492244,-0.022822661698482346,-0.022822661698482346
123,S4,2000-05-03 00:00:00+00:00,2000-05-03 00:00:00+00:00,-0.09328848097955465,-0.1865769619591093,-0.21754410051461948,0.009223068783850987,0.009223068783850987
123,S5,2000-05-03 00:00:00+00:00,2000-05-03 00:00:00+00:00,0.5735629478577897,1.1471258957155794,0.2655093781024122,0.013429168451638083,0.013429168451638083
123,S6,2000-05-03 00:00:00+00:00,2000-05-03 00:00:00+00:00,1.0583927761257572,2.1167855522515144,-1.154230576353581,0.0043422714155997985,0.0043422714155997985
123,S7,2000-05-03 00:00:00+00:00,2000-05-03 00:00:00+00:00,-0.34143445445859266,-0.6828689089171853,0.11723596667309545,-0.015939933197937406,-0.015939933197937406
124,S0,2000-05-04 00:00:00+00:00,2000-05-04 00:00:00+00:00,-0.2437616219559586,-0.4875232439119172,1.7977491208578336,0.004717374112376397,0.004717374112376397
124,S1,2000-05-04 00:00:00+00:00,2000-05-04 00:00:00+00:00,-0.16083140469983928,-0.32166280939967856,0.9338681984535336,0.0005873306990567442,0.0005873306990567442
124,S2,2000-05-04 00:00:00+00:00,2000-05-04 00:00:00+00:00,0.08276912699183876,0.16553825398367752,0.6322003356199405,0.012486502419706377,0.012486502419706377
124,S3,2000-05-04 00:00:00+00:00,2000-05-04 00:00:00+00:00,-0.9004082096051503,-1.8008164192103007,0.5924279289453852,-0.022747331558216045,-0.022747331558216045
124,S4,2000-05-04 00:00:00+00:00,2000-05-04 00:00:00+00:00,1.0280060600662873,2.0560121201325745,0.11196421654667392,0.005446931591218128,0.005446931591218128
124,S5,2000-05-04 00:00:00+00:00,2000-05-04 00:00:00+00:00,-0.4004096317783333,-0.8008192635566665,0.9583929595630923,-0.004396600488236907,-0.004396600488236907
124,S6,2000-05-04 00:00:00+00:00,2000-05-04 00:00:00+00:00,0.4624434567778641,0.9248869135557282,-0.15586176653858155,-0.01520448612373166,-0.01520448612373166
124,S7,2000-05-04 00:00:00+00:00,2000-05-04 00:00:00+00:00,-0.8254725722239247,-1.6509451444478493,-0.42280654669743317,-0.0004761707789023269,-0.0004761707789023269
125,S0,2000-05-05 00:00:00+00:00,2000-05-05 00:00:00+00:00,0.3588039528088937,0.7176079056177874,0.10204267424649895,0.00954375393210306,0.00954375393210306
125,S1,2000-05-05 00:00:00+00:00,2000-05-05 00:00:00+00:00,0.3915930157503348,0.7831860315006696,0.9056966040695844,0.002995762639019713,0.002995762639019713
125,S2,2000-05-05 00:00:00+00:00,2000-05-05 00:00:00+00:00,-0.4206814067973341,-0.8413628135946682,0.3304255907518141,0.011842476203783169,0.011842476203783169
125,S3,2000-05-05 00:00:00+00:00,2000-05-05 00:00:00+00:00,2.0208894329971416,4.041778865994283,0.674538947061455,-0.00561362684627003,-0.00561362684627003
125,S4,2000-05-05 00:00:00+00:00,2000-05-05 00:00:00+00:00,0.3710399612419042,0.7420799224838084,-2.02411921591897,0.008264303530078088,0.008264303530078088
125,S5,2000-05-05 00:00:00+00:00,2000-05-05 00:00:00+00:00,1.7769289229773846,3.553857845954769,1.1930573955749926,0.0211636987612778,0.0211636987612778
125,S6,2000-05-05 00:00:00+00:00,2000-05-05 00:00:00+00:00,0.9591389238981252,1.9182778477962503,2.3406017242962567,0.01568159415016097,0.01568159415016097
125,S7,2000-05-05 00:00:00+00:00,2000-05-05 00:00:00+00:00,-0.6622748070560666,-1.3245496141121331,1.3349040505613563,0.02108208808382834,0.02108208808382834
126,S0,2000-05-06 00:00:00+00:00,2000-05-06 00:00:00+00:00,-0.3821868156578954,-0.7643736313157908,-0.317619935485151,-0.013740404526254964,-0.013740404526254964
126,S1,2000-05-06 00:00:00+00:00,2000-05-06 00:00:00+00:00,0.43610206735723056,0.8722041347144611,-0.8484432823542128,-0.01506876675095543,-0.01506876675095543
126,S2,2000-05-06 00:00:00+00:00,2000-05-06 00:00:00+00:00,0.06117253183875087,0.12234506367750174,0.27746423253998465,0.009635737607335677,0.009635737607335677
126,S3,2000-05-06 00:00:00+00:00,2000-05-06 00:00:00+00:00,0.04946114175893247,0.09892228351786495,-0.986975862488611,0.012830163827682428,0.012830163827682428
126,S4,2000-05-06 00:00:00+00:00,2000-05-06 00:00:00+00:00,-0.28620495437455035,-0.5724099087491007,0.7256715418156028,0.036457568429261615,0.036457568429261615
126,S5,2000-05-06 00:00:00+00:00,2000-05-06 00:00:00+00:00,-1.808476355740995,-3.61695271148199,-0.5254104583773097,0.007820313069247093,0.007820313069247093
126,S6,2000-05-06 00:00:00+00:00,2000-05-06 00:00:00+00:00,-0.22543264342069147,-0.45086528684138294,0.9606636788896226,-0.0082059236851139,-0.0082059236851139
126,S7,2000-05-06 00:00:00+00:00,2000-05-06 00:00:00+00:00,-2.2181214639227598,-4.4362429278455195,1.3621361149072948,0.009022991516942417,0.009022991516942417
127,S0,2000-05-07 00:00:00+00:00,2000-05-07 00:00:00+00:00,0.3718195687849371,0.7436391375698742,-2.032251914380174,-0.011191704748606219,-0.011191704748606219
127,S1,2000-05-07 00:00:00+00:00,2000-05-07 00:00:00+00:00,-0.726057787427706,-1.452115574855412,0.29277801084729066,-0.025186301142099493,-0.025186301142099493
127,S2,2000-05-07 00:00:00+00:00,2000-05-07 00:00:00+00:00,-0.7154167261721429,-1.4308334523442858,-0.6982812080679572,0.03628031548345421,0.03628031548345421
127,S3,2000-05-07 00:00:00+00:00,2000-05-07 00:00:00+00:00,-0.21930379562997881,-0.43860759125995763,-1.4097799402187932,0.004015634700896247,0.004015634700896247
127,S4,2000-05-07 00:00:00+00:00,2000-05-07 00:00:00+00:00,0.27267234629586407,0.5453446925917281,-0.6173429155259618,0.011820418054746352,0.011820418054746352
127,S5,2000-05-07 00:00:00+00:00,2000-05-07 00:00:00+00:00,-1.4320061777359552,-2.8640123554719104,-0.21893387969914538,0.0027306982719760226,0.0027306982719760226
127,S6,2000-05-07 00:00:00+00:00,2000-05-07 00:00:00+00:00,-1.7486011895534066,-3.497202379106813,1.033687241206948,0.020192216045583952,0.020192216045583952
127,S7,2000-05-07 00:00:00+00:00,2000-05-07 00:00:00+00:00,-1.0660658714998135,-2.132131742999627,-1.521407266318214,2.803453581723403e-06,2.803453581723403e-06
128,S0,2000-05-08 00:00:00+00:00,2000-05-08 00:00:00+00:00,-2.0417275241987234,-4.083455048397447,1.0508125871575025,0.010399422417673589,0.010399422417673589
128,S1,2000-05-08 00:00:00+00:00,2000-05-08 00:00:00+00:00,-0.9668496098892981,-1.9336992197785963,2.0180629118827054,-0.018975794165253097,-0.018975794165253097
128,S2,2000-05-08 00:00:00+00:00,2000-05-08 00:00:00+00:00,1.590883030522966,3.181766061045932,0.5974410659169651,-0.014218020711855085,-0.014218020711855085
128,S3,2000-05-08 00:00:00+00:00,2000-05-08 00:00:00+00:00,-1.0565859164970517,-2.1131718329941034,0.5459412497223737,0.017472873512000345,0.017472873512000345
128,S4,2000-05-08 00:00:00+00:00,2000-05-08 00:00:00+00:00,0.6514051749001837,1.3028103498003674,-0.01342261705328969,0.025029378500010198,0.025029378500010198
128,S5,2000-05-08 00:00:00+00:00,2000-05-08 00:00:00+00:00,-1.3716348082651353,-2.7432696165302706,-1.1750402358453063,0.002475210020917432,0.002475210020917432
128,S6,2000-05-08 00:00:00+00:00,2000-05-08 00:00:00+00:00,0.2991201525724937,0.5982403051449874,0.5348273272674973,0.0048883401903840095,0.0048883401903840095
128,S7,2000-05-08 00:00:00+00:00,2000-05-08 00:00:00+00:00,-0.31973381221268193,-0.6394676244253639,0.384027484193467,0.0015145756952164922,0.0015145756952164922
129,S0,2000-05-09 00:00:00+00:00,2000-05-09 00:00:00+00:00,-0.05981278553427285,-0.1196255710685457,0.7315929097038576,-0.011255875209343342,-0.011255875209343342
129,S1,2000-05-09 00:00:00+00:00,2000-05-09 00:00:00+00:00,0.5687775943675412,1.1375551887350823,2.568840348853762,0.024660476236575114,0.024660476236575114
129,S2,2000-05-09 00:00:00+00:00,2000-05-09 00:00:00+00:00,1.7562401253161792,3.5124802506323585,0.7277809400280537,0.016213970083050963,0.016213970083050963
129,S3,2000-05-09 00:00:00+00:00,2000-05-09 00:00:00+00:00,0.19470634983327353,0.38941269966654707,0.42571167956217204,0.007673204426175166,0.007673204426175166
129,S4,2000-05-09 00:00:00+00:00,2000-05-09 00:00:00+00:00,0.1243589513960949,0.2487179027921898,1.5619313213697665,0.005445112176970346,0.005445112176970346
129,S5,2000-05-09 00:00:00+00:00,2000-05-09 00:00:00+00:00,-0.9733677174823148,-1.9467354349646295,-1.34521605927,0.011131018809732697,0.011131018809732697
129,S6,2000-05-09 00:00:00+00:00,2000-05-09 00:00:00+00:00,0.5833396553323329,1.1666793106646658,-1.1427026079332272,0.00921423547859628,0.00921423547859628
129,S7,2000-05-09 00:00:00+00:00,2000-05-09 00:00:00+00:00,-0.24607233054527072,-0.49214466109054145,-0.3752064933457484,0.00950190458099582,0.00950190458099582
130,S0,2000-05-10 00:00:00+00:00,2000-05-10 00:00:00+00:00,0.8320070429084299,1.6640140858168597,-0.6549292683730847,-0.01777393797896286,-0.01777393797896286
130,S1,2000-05-10 00:00:00+00:00,2000-05-10 00:00:00+00:00,-0.0437064504849727,-0.0874129009699454,0.6939333614115818,0.003907666147539074,0.003907666147539074
130,S2,2000-05-10 00:00:00+00:00,2000-05-10 00:00:00+00:00,1.740855703809851,3.481711407619702,-0.31744121690980154,0.03620344245363872,0.03620344245363872
130,S3,2000-05-10 00:00:00+00:00,2000-05-10 00:00:00+00:00,-1.982916503137466,-3.965833006274932,1.739933840993579,-0.019277514118763616,-0.019277514118763616
130,S4,2000-05-10 00:00:00+00:00,2000-05-10 00:00:00+00:00,-0.2965993601550742,-0.5931987203101484,1.520447420011998,-0.006686833494206683,-0.006686833494206683
130,S5,2000-05-10 00:00:00+00:00,2000-05-10 00:00:00+00:00,0.8814816388012593,1.7629632776025186,0.7700710469588443,0.013337079161377361,0.013337079161377361
130,S6,2000-05-10 00:00:00+00:00,2000-05-10 00:00:00+00:00,-0.35069219708498706,-0.7013843941699741,-0.3859917831558005,0.009388775668267365,0.009388775668267365
130,S7,2000-05-10 00:00:00+00:00,2000-05-10 00:00:00+00:00,-0.7921730690054608,-1.5843461380109216,0.6169505608345559,0.0026297110763868117,0.0026297110763868117
131,S0,2000-05-11 00:00:00+00:00,2000-05-11 00:00:00+00:00,-0.26588060573958244,-0.5317612114791649,0.8110593437460868,-0.013412247873964073,-0.013412247873964073
131,S1,2000-05-11 00:00:00+00:00,2000-05-11 00:00:00+00:00,-1.3799287476073374,-2.759857495214675,-1.0665716454863634,0.013921517626589434,0.013921517626589434
131,S2,2000-05-11 00:00:00+00:00,2000-05-11 00:00:00+00:00,0.11895377168976948,0.23790754337953895,0.34877973194692047,-0.005364024139892436,-0.005364024139892436
131,S3,2000-05-11 00:00:00+00:00,2000-05-11 00:00:00+00:00,2.440461840173224,4.880923680346448,0.7061137861208042,0.00930659708237323,0.00930659708237323
131,S4,2000-05-11 00:00:00+00:00,2000-05-11 00:00:00+00:00,1.145031498226728,2.290062996453456,0.2164637062487031,0.02471621128273446,0.02471621128273446
131,S5,2000-05-11 00:00:00+00:00,2000-05-11 00:00:00+00:00,-1.1090091065152694,-2.218018213030539,1.5711101324552066,0.0030418802167888337,0.0030418802167888337
131,S6,2000-05-11 00:00:00+00:00,2000-05-11 00:00:00+00:00,-0.8733410823282927,-1.7466821646565853,1.2141630011284508,0.020566257862654223,0.020566257862654223
131,S7,2000-05-11 00:00:00+00:00,2000-05-11 00:00:00+00:00,-0.40472780902245364,-0.8094556180449073,-0.8255823758714205,0.057518447066423874,0.057518447066423874
132,S0,2000-05-12 00:00:00+00:00,2000-05-12 00:00:00+00:00,1.0044161277339365,2.008832255467873,0.1244823387674686,0.01571972428768417,0.01571972428768417
132,S1,2000-05-12 00:00:00+00:00,2000-05-12 00:00:00+00:00,-0.8214870091691876,-1.6429740183383752,-0.8355260085446332,0.007601200779529601,0.007601200779529601
132,S2,2000-05-12 00:00:00+00:00,2000-05-12 00:00:00+00:00,-0.6902314189475338,-1.3804628378950676,0.5795559473559303,-0.016152478839161148,-0.016152478839161148
132,S3,2000-05-12 00:00:00+00:00,2000-05-12 00:00:00+00:00,0.8847494335149046,1.7694988670298093,-0.8671482042911687,-0.006061107346428325,-0.006061107346428325
132,S4,2000-05-12 00:00:00+00:00,2000-05-12 00:00:00+00:00,0.8646525704751467,1.7293051409502933,0.9233112715061345,-0.012451958995376638,-0.012451958995376638
132,S5,2000-05-12 00:00:00+00:00,2000-05-12 00:00:00+00:00,-0.3738146603894485,-0.747629320778897,0.3881451149577252,-0.009439837168461297,-0.009439837168461297
132,S6,2000-05-12 00:00:00+00:00,2000-05-12 00:00:00+00:00,-1.1177634143727924,-2.2355268287455847,0.9708345858777971,-0.02080297547545323,-0.02080297547545323
132,S7,2000-05-12 00:00:00+00:00,2000-05-12 00:00:00+00:00,-1.549744823262707,-3.099489646525414,-0.14508461687728533,-0.016049970528053195,-0.016049970528053195
133,S0,2000-05-13 00:00:00+00:00,2000-05-13 00:00:00+00:00,-0.6989901269101042,-1.3979802538202084,-1.4562931961724468,-0.012904242750164573,-0.012904242750164573
133,S1,2000-05-13 00:00:00+00:00,2000-05-13 00:00:00+00:00,-2.230528902271529,-4.461057804543058,1.7658351817896927,-0.030908178341418305,-0.030908178341418305
133,S2,2000-05-13 00:00:00+00:00,2000-05-13 00:00:00+00:00,0.7498198819099152,1.4996397638198304,-0.1725685085299045,-0.02526463169955093,-0.02526463169955093
133,S3,2000-05-13 00:00:00+00:00,2000-05-13 00:00:00+00:00,-0.6300306998045586,-1.2600613996091172,1.3766900618169122,-0.02991953038063649,-0.02991953038063649
133,S4,2000-05-13 00:00:00+00:00,2000-05-13 00:00:00+00:00,0.48129366424513825,0.9625873284902765,0.43018233705986886,0.0017565366301322723,0.0017565366301322723
133,S5,2000-05-13 00:00:00+00:00,2000-05-13 00:00:00+00:00,1.8683248876013339,3.7366497752026677,0.6739123153554205,0.0013920428080805665,0.0013920428080805665
133,S6,2000-05-13 00:00:00+00:00,2000-05-13 00:00:00+00:00,1.172995707132864,2.345991414265728,1.8297491143146174,0.01310363304050004,0.01310363304050004
133,S7,2000-05-13 00:00:00+00:00,2000-05-13 00:00:00+00:00,-1.1511348379469908,-2.3022696758939816,0.3402353018251979,0.004084594212465854,0.004084594212465854
134,S0,2000-05-14 00:00:00+00:00,2000-05-14 00:00:00+00:00,0.8692489864766937,1.7384979729533874,1.4002313073576018,-0.004575093175060533,-0.004575093175060533
134,S1,2000-05-14 00:00:00+00:00,2000-05-14 00:00:00+00:00,1.1578570275164373,2.3157140550328745,-1.484325555056513,0.011739576434430023,0.011739576434430023
134,S2,2000-05-14 00:00:00+00:00,2000-05-14 00:00:00+00:00,-0.7463565180960922,-1.4927130361921843,0.8711001495998612,-0.02753573956246648,-0.02753573956246648
134,S3,2000-05-14 00:00:00+00:00,2000-05-14 00:00:00+00:00,-0.9532969230720043,-1.9065938461440086,-0.24188707818745117,0.027489660071583877,0.027489660071583877
134,S4,2000-05-14 00:00:00+00:00,2000-05-14 00:00:00+00:00,-0.1096918973385416,-0.2193837946770832,-0.13406736112096615,0.014549791606761495,0.014549791606761495
134,S5,2000-05-14 00:00:00+00:00,2000-05-14 00:00:00+00:00,-1.6014233495161816,-3.202846699032363,0.00871636293983214,-0.012573699617387572,-0.012573699617387572
134,S6,2000-05-14 00:00:00+00:00,2000-05-14 00:00:00+00:00,1.470734949301553,2.941469898603106,0.34652711674339387,-0.014507557006048766,-0.014507557006048766
134,S7,2000-05-14 00:00:00+00:00,2000-05-14 00:00:00+00:00,-2.4053637930304905,-4.810727586060981,1.6571604778040403,-0.0068632318057962926,-0.0068632318057962926
135,S0,2000-05-15 00:00:00+00:00,2000-05-15 00:00:00+00:00,-1.1068074157420604,-2.213614831484121,-1.8537131142776313,-0.02799741342563266,-0.02799741342563266
135,S1,2000-05-15 00:00:00+00:00,2000-05-15 00:00:00+00:00,-0.2695651640091679,-0.5391303280183358,0.044040178291809486,-0.008286878033046563,-0.008286878033046563
135,S2,2000-05-15 00:00:00+00:00,2000-05-15 00:00:00+00:00,-0.22708709133068325,-0.4541741826613665,-0.7164870797072483,0.014803934184330684,0.014803934184330684
135,S3,2000-05-15 00:00:00+00:00,2000-05-15 00:00:00+00:00,0.16612417314262437,0.33224834628524874,1.1658140046931624,0.0062771508585664874,0.0062771508585664874
135,S4,2000-05-15 00:00:00+00:00,2000-05-15 00:00:00+00:00,0.2714485686748367,0.5428971373496734,-0.4230917546501151,-0.001797757523370528,-0.001797757523370528
135,S5,2000-05-15 00:00:00+00:00,2000-05-15 00:00:00+00:00,-0.21361201462544818,-0.42722402925089636,0.4567700486562056,0.017887564793136915,0.017887564793136915
135,S6,2000-05-15 00:00:00+00:00,2000-05-15 00:00:00+00:00,1.1368863187699414,2.273772637539883,-0.3975037743332126,-0.006551045723755958,-0.006551045723755958
135,S7,2000-05-15 00:00:00+00:00,2000-05-15 00:00:00+00:00,-2.1393761696371945,-4.278752339274389,0.6680586513123563,0.00019392372346825441,0.00019392372346825441
136,S0,2000-05-16 00:00:00+00:00,2000-05-16 00:00:00+00:00,-0.0001645139169606655,-0.000329027833921331,1.0148033271104098,-0.003511583984437617,-0.003511583984437617
136,S1,2000-05-16 00:00:00+00:00,2000-05-16 00:00:00+00:00,-0.7145844117153977,-1.4291688234307953,-0.39739998183944436,-0.011611537907837718,-0.011611537907837718
136,S2,2000-05-16 00:00:00+00:00,2000-05-16 00:00:00+00:00,0.13251343514348632,0.26502687028697264,0.04907551824076654,0.011438346731100182,0.011438346731100182
136,S3,2000-05-16 00:00:00+00:00,2000-05-16 00:00:00+00:00,0.22075983794627882,0.44151967589255764,-1.4203601903295349,-0.01005279556890371,-0.01005279556890371
136,S4,2000-05-16 00:00:00+00:00,2000-05-16 00:00:00+00:00,-0.911828876494789,-1.823657752989578,0.30539978696173004,0.028840137816464377,0.028840137816464377
136,S5,2000-05-16 00:00:00+00:00,2000-05-16 00:00:00+00:00,-0.6409489965354924,-1.2818979930709848,0.8562679346559141,-0.007377192076892152,-0.007377192076892152
136,S6,2000-05-16 00:00:00+00:00,2000-05-16 00:00:00+00:00,0.7925867232518442,1.5851734465036884,-0.5554050272875501,0.036975003228901175,0.036975003228901175
136,S7,2000-05-16 00:00:00+00:00,2000-05-16 00:00:00+00:00,0.34905626865098566,0.6981125373019713,1.1203627139161165,-0.011055980173973964,-0.011055980173973964
137,S0,2000-05-17 00:00:00+00:00,2000-05-17 00:00:00+00:00,-0.6802484366024778,-1.3604968732049556,-2.073310349202981,0.005522283320487873,0.005522283320487873
137,S1,2000-05-17 00:00:00+00:00,2000-05-17 00:00:00+00:00,2.0398909593419425,4.079781918683885,-1.8513354458680147,-0.010680065745300317,-0.010680065745300317
137,S2,2000-05-17 00:00:00+00:00,2000-05-17 00:00:00+00:00,2.309177648495082,4.618355296990164,-1.38824239076134,-0.011726043232270809,-0.011726043232270809
137,S3,2000-05-17 00:00:00+00:00,2000-05-17 00:00:00+00:00,-1.4624624789603549,-2.9249249579207097,-0.48479478201037196,-0.004300263977775562,-0.004300263977775562
137,S4,2000-05-17 00:00:00+00:00,2000-05-17 00:00:00+00:00,0.30179496030034325,0.6035899206006865,0.018618547542743648,0.010524568086333518,0.010524568086333518
137,S5,2000-05-17 00:00:00+00:00,2000-05-17 00:00:00+00:00,2.5089944356323914,5.017988871264783,-0.07886454930333595,-0.009923960766372036,-0.009923960766372036
137,S6,2000-05-17 00:00:00+00:00,2000-05-17 00:00:00+00:00,0.7838986291848924,1.5677972583697848,-0.06709194786186742,0.020051806316806104,0.020051806316806104
137,S7,2000-05-17 00:00:00+00:00,2000-05-17 00:00:00+00:00,0.22106014291254644,0.4421202858250929,0.7235760210920635,-0.011925738861035639,-0.011925738861035639
138,S0,2000-05-18 00:00:00+00:00,2000-05-18 00:00:00+00:00,-0.20805683335943306,-0.4161136667188661,-0.47211984347357805,-0.0029874287222722193,-0.0029874287222722193
138,S1,2000-05-18 00:00:00+00:00,2000-05-18 00:00:00+00:00,-0.5411942858767205,-1.082388571753441,-1.2635755519193417,-0.0005916359870470631,-0.0005916359870470631
138,S2,2000-05-18 00:00:00+00:00,2000-05-18 00:00:00+00:00,-0.2125147026197359,-0.4250294052394718,-1.243787089008908,0.0039466246716354575,0.0039466246716354575
138,S3,2000-05-18 00:00:00+00:00,2000-05-18 00:00:00+00:00,-0.5507294124081377,-1.1014588248162753,2.112665021038504,-0.033293642382150296,-0.033293642382150296
138,S4,2000-05-18 00:00:00+00:00,2000-05-18 00:00:00+00:00,0.7449083585580341,1.4898167171160681,-2.3521162656073002,0.02313453096117198,0.02313453096117198
138,S5,2000-05-18 00:00:00+00:00,2000-05-18 00:00:00+00:00,-0.3981536526914417,-0.7963073053828834,-0.17632859087725752,0.002710740174340794,0.002710740174340794
138,S6,2000-05-18 00:00:00+00:00,2000-05-18 00:00:00+00:00,-0.4411515120100576,-0.8823030240201152,1.4579069282713992,-0.01227205000085295,-0.01227205000085295
138,S7,2000-05-18 00:00:00+00:00,2000-05-18 00:00:00+00:00,-1.2021606868290806,-2.4043213736581612,0.48336562325291177,-0.024294493028975045,-0.024294493028975045
139,S0,2000-05-19 00:00:00+00:00,2000-05-19 00:00:00+00:00,-0.04958987438030339,-0.09917974876060678,-0.8295562055548628,-0.025461939711128822,-0.025461939711128822
139,S1,2000-05-19 00:00:00+00:00,2000-05-19 00:00:00+00:00,-0.8941216734390032,-1.7882433468780063,0.002185977957910746,-0.02385034220947702,-0.02385034220947702
139,S2,2000-05-19 00:00:00+00:00,2000-05-19 00:00:00+00:00,-0.1807501687290939,-0.3615003374581878,0.8639187945883057,0.007598569236780796,0.007598569236780796
139,S3,2000-05-19 00:00:00+00:00,2000-05-19 00:00:00+00:00,1.0418155527215323,2.0836311054430645,1.2081487837430256,-0.0008013443424249251,-0.0008013443424249251
139,S4,2000-05-19 00:00:00+00:00,2000-05-19 00:00:00+00:00,0.3659248863111264,0.7318497726222528,-0.8993412184785279,-0.015361546975643616,-0.015361546975643616
139,S5,2000-05-19 00:00:00+00:00,2000-05-19 00:00:00+00:00,0.5047252947854309,1.0094505895708619,0.7604581700531833,-0.005737630578031853,-0.005737630578031853
139,S6,2000-05-19 00:00:00+00:00,2000-05-19 00:00:00+00:00,0.35609089975780356,0.7121817995156071,0.2525005778532424,0.02503354443196898,0.02503354443196898
139,S7,2000-05-19 00:00:00+00:00,2000-05-19 00:00:00+00:00,0.0591757301914933,0.1183514603829866,1.1044048138778393,-0.004575927859525606,-0.004575927859525606
140,S0,2000-05-20 00:00:00+00:00,2000-05-20 00:00:00+00:00,-0.12732823067162988,-0.25465646134325975,1.3904153925300395,-0.019600161905189876,-0.019600161905189876
140,S1,2000-05-20 00:00:00+00:00,2000-05-20 00:00:00+00:00,-0.30780621590166646,-0.6156124318033329,-0.34330546166703096,0.008703740858871201,0.008703740858871201
140,S2,2000-05-20 00:00:00+00:00,2000-05-20 00:00:00+00:00,0.759117008833072,1.518234017666144,-1.4495927040836547,-0.000359281880128284,-0.000359281880128284
140,S3,2000-05-20 00:00:00+00:00,2000-05-20 00:00:00+00:00,-1.0842398092882488,-2.1684796185764976,0.3958365186163136,-0.013996872101181368,-0.013996872101181368
140,S4,2000-05-20 00:00:00+00:00,2000-05-20 00:00:00+00:00,1.3407225862255443,2.6814451724510886,1.7766214373122964,-0.014077963356998405,-0.014077963356998405
140,S5,2000-05-20 00:00:00+00:00,2000-05-20 00:00:00+00:00,0.03407806268481745,0.0681561253696349,0.6855821088303206,-0.03347397477426189,-0.03347397477426189
140,S6,2000-05-20 00:00:00+00:00,2000-05-20 00:00:00+00:00,-0.7487003905773738,-1.4974007811547476,0.23016283043594152,-0.030877064684960945,-0.030877064684960945
140,S7,2000-05-20 00:00:00+00:00,2000-05-20 00:00:00+00:00,-0.48914607904001295,-0.9782921580800259,2.4010455344134387,-0.019487633653078484,-0.019487633653078484
141,S0,2000-05-21 00:00:00+00:00,2000-05-21 00:00:00+00:00,-0.6769904011881117,-1.3539808023762234,-1.0400258818783492,-0.014033006401031951,-0.014033006401031951
141,S1,2000-05-21 00:00:00+00:00,2000-05-21 00:00:00+00:00,0.16020649902804115,0.3204129980560823,0.9029901879500623,-0.0020461990337247854,-0.0020461990337247854
141,S2,2000-05-21 00:00:00+00:00,2000-05-21 00:00:00+00:00,-0.7178430444883082,-1.4356860889766163,-0.5704376608578396,-0.0026255605580294845,-0.0026255605580294845
141,S3,2000-05-21 00:00:00+00:00,2000-05-21 00:00:00+00:00,1.1421311987837366,2.284262397567473,0.04963433300767492,-0.000118311102660194,-0.000118311102660194
141,S4,2000-05-21 00:00:00+00:00,2000-05-21 00:00:00+00:00,-0.7816389926142432,-1.5632779852284864,0.08964360734198178,-0.007851087683555996,-0.007851087683555996
141,S5,2000-05-21 00:00:00+00:00,2000-05-21 00:00:00+00:00,-2.272521930414174,-4.545043860828348,1.5146366362100012,-0.03223361738602907,-0.03223361738602907
141,S6,2000-05-21 00:00:00+00:00,2000-05-21 00:00:00+00:00,-0.730998492725895,-1.46199698545179,-0.9360138054280742,-0.04327597740881464,-0.04327597740881464
141,S7,2000-05-21 00:00:00+00:00,2000-05-21 00:00:00+00:00,-2.0085211732996573,-4.017042346599315,-0.5350877091218409,-0.023877881360784215,-0.023877881360784215
142,S0,2000-05-22 00:00:00+00:00,2000-05-22 00:00:00+00:00,-0.0398688505726567,-0.0797377011453134,-1.5929520224677045,-0.009543316184762524,-0.009543316184762524
142,S1,2000-05-22 00:00:00+00:00,2000-05-22 00:00:00+00:00,1.0591579783713116,2.1183159567426233,0.4871991637164996,-0.0006243748097977033,-0.0006243748097977033
142,S2,2000-05-22 00:00:00+00:00,2000-05-22 00:00:00+00:00,0.6477598002656734,1.2955196005313467,-0.45823180986740225,0.003401127138609566,0.003401127138609566
142,S3,2000-05-22 00:00:00+00:00,2000-05-22 00:00:00+00:00,-1.3375895049472426,-2.675179009894485,0.42196704266287827,-0.019076066583416873,-0.019076066583416873
142,S4,2000-05-22 00:00:00+00:00,2000-05-22 00:00:00+00:00,-0.7622552815679994,-1.5245105631359988,-1.0732657853193146,-0.014778279887331783,-0.014778279887331783
142,S5,2000-05-22 00:00:00+00:00,2000-05-22 00:00:00+00:00,1.7786335355666851,3.5572670711333703,-0.3593836201417766,0.01053817574038313,0.01053817574038313
142,S6,2000-05-22 00:00:00+00:00,2000-05-22 00:00:00+00:00,0.3185114087343339,0.6370228174686678,1.0389290549830164,0.007939001039520195,0.007939001039520195
142,S7,2000-05-22 00:00:00+00:00,2000-05-22 00:00:00+00:00,0.004118692634058828,0.008237385268117656,-0.1743192140970744,-0.004895101833351869,-0.004895101833351869
143,S0,2000-05-23 00:00:00+00:00,2000-05-23 00:00:00+00:00,1.0560625611935577,2.1121251223871154,0.6256391265171344,0.008741913507372134,0.008741913507372134
143,S1,2000-05-23 00:00:00+00:00,2000-05-23 00:00:00+00:00,2.4527411254301583,4.905482250860317,0.5283265576456647,0.0035625310475544915,0.0035625310475544915
143,S2,2000-05-23 00:00:00+00:00,2000-05-23 00:00:00+00:00,1.2965732775797387,2.5931465551594775,-0.35317268495384946,-0.013069015971763166,-0.013069015971763166
143,S3,2000-05-23 00:00:00+00:00,2000-05-23 00:00:00+00:00,0.139415254770579,0.278830509541158,-1.5597459332048416,-0.0017879917309134704,-0.0017879917309134704
143,S4,2000-05-23 00:00:00+00:00,2000-05-23 00:00:00+00:00,0.3546881759848233,0.7093763519696465,0.9854000437341416,0.026698343709851243,0.026698343709851243
143,S5,2000-05-23 00:00:00+00:00,2000-05-23 00:00:00+00:00,0.6170797910982172,1.2341595821964344,0.17070737231525257,-0.010612186609286096,-0.010612186609286096
143,S6,2000-05-23 00:00:00+00:00,2000-05-23 00:00:00+00:00,-0.6126984965101239,-1.2253969930202477,0.9832800898049142,0.012084689470260323,0.012084689470260323
143,S7,2000-05-23 00:00:00+00:00,2000-05-23 00:00:00+00:00,-1.0587194727174403,-2.1174389454348805,-2.012688435328288,0.01347514772887536,0.01347514772887536
144,S0,2000-05-24 00:00:00+00:00,2000-05-24 00:00:00+00:00,0.05244908348938066,0.10489816697876132,-1.6546093140766747,0.024995123953965248,0.024995123953965248
144,S1,2000-05-24 00:00:00+00:00,2000-05-24 00:00:00+00:00,-0.9472112294631205,-1.894422458926241,-2.1427274828447653,-0.013815361530515768,-0.013815361530515768
144,S2,2000-05-24 00:00:00+00:00,2000-05-24 00:00:00+00:00,-0.06146241903506856,-0.12292483807013713,-0.8768376610493626,0.03229766289778496,0.03229766289778496
144,S3,2000-05-24 00:00:00+00:00,2000-05-24 00:00:00+00:00,0.0961230399920905,0.192246079984181,1.041949902003618,0.0044426376374177776,0.0044426376374177776
144,S4,2000-05-24 00:00:00+00:00,2000-05-24 00:00:00+00:00,2.341037321882936,4.682074643765872,0.5659919859929143,0.00787021929025071,0.00787021929025071
144,S5,2000-05-24 00:00:00+00:00,2000-05-24 00:00:00+00:00,-0.8510499946565668,-1.7020999893131337,-0.03415395803579861,-0.004546515100310794,-0.004546515100310794
144,S6,2000-05-24 00:00:00+00:00,2000-05-24 00:00:00+00:00,-0.1217889319709347,-0.2435778639418694,0.13124029526650172,0.010849350971926483,0.010849350971926483
144,S7,2000-05-24 00:00:00+00:00,2000-05-24 00:00:00+00:00,-0.1643028895845328,-0.3286057791690656,0.7607882126314292,0.0024226050347228613,0.0024226050347228613
145,S0,2000-05-25 00:00:00+00:00,2000-05-25 00:00:00+00:00,0.4373105333753307,0.8746210667506614,-0.30215037624121777,0.006611347121246771,0.006611347121246771
145,S1,2000-05-25 00:00:00+00:00,2000-05-25 00:00:00+00:00,1.0467243315836225,2.093448663167245,0.3960689502980618,0.030956286263950757,0.030956286263950757
145,S2,2000-05-25 00:00:00+00:00,2000-05-25 00:00:00+00:00,-0.4904835016266552,-0.9809670032533104,0.1399545726325858,-0.00528781887465,-0.00528781887465
145,S3,2000-05-25 00:00:00+00:00,2000-05-25 00:00:00+00:00,-0.8213520301050313,-1.6427040602100627,-2.1870426415359034,-0.011417011859317417,-0.011417011859317417
145,S4,2000-05-25 00:00:00+00:00,2000-05-25 00:00:00+00:00,-1.6407106159316551,-3.2814212318633103,-0.38482882142998714,0.01284928922447624,0.01284928922447624
145,S5,2000-05-25 00:00:00+00:00,2000-05-25 00:00:00+00:00,-0.9262044968028467,-1.8524089936056933,1.358756283822145,0.014364697923130087,0.014364697923130087
145,S6,2000-05-25 00:00:00+00:00,2000-05-25 00:00:00+00:00,0.5364408345765945,1.072881669153189,-0.3958606090705614,0.026070981569787675,0.026070981569787675
145,S7,2000-05-25 00:00:00+00:00,2000-05-25 00:00:00+00:00,0.045647041823202894,0.09129408364640579,-0.14308936634835018,-0.008384853029648896,-0.008384853029648896
146,S0,2000-05-26 00:00:00+00:00,2000-05-26 00:00:00+00:00,-1.0154339949061588,-2.0308679898123176,-0.6068661533932629,0.016166610861458777,0.016166610861458777
146,S1,2000-05-26 00:00:00+00:00,2000-05-26 00:00:00+00:00,-0.3727674764848574,-0.7455349529697148,-0.4846321554752065,0.009746724920226844,0.009746724920226844
146,S2,2000-05-26 00:00:00+00:00,2000-05-26 00:00:00+00:00,0.0314729477902652,0.0629458955805304,1.1240121897845434,0.030571998279244082,0.030571998279244082
146,S3,2000-05-26 00:00:00+00:00,2000-05-26 00:00:00+00:00,0.5036789316089304,1.0073578632178608,-0.26808598088774227,-0.012702124226839747,-0.012702124226839747
146,S4,2000-05-26 00:00:00+00:00,2000-05-26 00:00:00+00:00,-0.5933943528385258,-1.1867887056770516,-1.0219490844170012,0.004907502771444106,0.004907502771444106
146,S5,2000-05-26 00:00:00+00:00,2000-05-26 00:00:00+00:00,-0.2504400576578742,-0.5008801153157484,-3.111363336820356,-0.0011577965677730291,-0.0011577965677730291
146,S6,2000-05-26 00:00:00+00:00,2000-05-26 00:00:00+00:00,-1.818434733340209,-3.636869466680418,-0.57270345121222,-0.027112752810264033,-0.027112752810264033
146,S7,2000-05-26 00:00:00+00:00,2000-05-26 00:00:00+00:00,-1.1513858022379435,-2.302771604475887,-1.9668168077124089,-0.011321387335752294,-0.011321387335752294
147,S0,2000-05-27 00:00:00+00:00,2000-05-27 00:00:00+00:00,1.6177156581788448,3.2354313163576895,-1.8237494935342597,0.02350396281914053,0.02350396281914053
147,S1,2000-05-27 00:00:00+00:00,2000-05-27 00:00:00+00:00,-2.1881406726948454,-4.376281345389691,0.7951780766265533,-0.015659834939023475,-0.015659834939023475
147,S2,2000-05-27 00:00:00+00:00,2000-05-27 00:00:00+00:00,-0.33780255263402675,-0.6756051052680535,0.7086755657406822,-0.012063035460434553,-0.012063035460434553
147,S3,2000-05-27 00:00:00+00:00,2000-05-27 00:00:00+00:00,0.21919822934425529,0.43839645868851057,-1.9172126639282288,0.014027836715595985,0.014027836715595985
147,S4,2000-05-27 00:00:00+00:00,2000-05-27 00:00:00+00:00,-0.3743492453270371,-0.7486984906540742,0.8514794713416658,0.013462891043594702,0.013462891043594702
147,S5,2000-05-27 00:00:00+00:00,2000-05-27 00:00:00+00:00,-0.8081575233653976,-1.6163150467307952,0.4593584752546972,0.011696267120643995,0.011696267120643995
147,S6,2000-05-27 00:00:00+00:00,2000-05-27 00:00:00+00:00,-0.061078532387332324,-0.12215706477466465,-0.783568737099451,-0.011962576830262184,-0.011962576830262184
147,S7,2000-05-27 00:00:00+00:00,2000-05-27 00:00:00+00:00,-0.004965401502279523,-0.009930803004559046,0.7343809175951364,-0.0007628549799632161,-0.0007628549799632161
148,S0,2000-05-28 00:00:00+00:00,2000-05-28 00:00:00+00:00,-0.08211740493189977,-0.16423480986379954,-1.626642664581469,0.028259308663660693,0.028259308663660693
148,S1,2000-05-28 00:00:00+00:00,2000-05-28 00:00:00+00:00,-1.8777121211521157,-3.7554242423042314,-1.2044297528555972,-0.0042234692301565315,-0.0042234692301565315
148,S2,2000-05-28 00:00:00+00:00,2000-05-28 00:00:00+00:00,-0.14740362795539622,-0.29480725591079243,-1.4396886385915408,0.0012983091105205468,0.0012983091105205468
148,S3,2000-05-28 00:00:00+00:00,2000-05-28 00:00:00+00:00,-0.8551126902915559,-1.7102253805831118,-1.111503723411618,0.022130920080708764,0.022130920080708764
148,S4,2000-05-28 00:00:00+00:00,2000-05-28 00:00:00+00:00,-0.5477358748135395,-1.095471749627079,0.8786888055082508,0.034372178100101944,0.034372178100101944
148,S5,2000-05-28 00:00:00+00:00,2000-05-28 00:00:00+00:00,0.22697476334145322,0.45394952668290645,-1.3336291310676047,-0.003245330917679739,-0.003245330917679739
148,S6,2000-05-28 00:00:00+00:00,2000-05-28 00:00:00+00:00,0.6407287504805665,1.281457500961133,-1.1512981355454346,-0.02327272003966161,-0.02327272003966161
148,S7,2000-05-28 00:00:00+00:00,2000-05-28 00:00:00+00:00,0.8967773342418733,1.7935546684837467,-0.9516982453020344,-0.005039746184713315,-0.005039746184713315
149,S0,2000-05-29 00:00:00+00:00,2000-05-29 00:00:00+00:00,-0.49641305697888843,-0.9928261139577769,0.19546372843002505,-0.013053446176319188,-0.013053446176319188
149,S1,2000-05-29 00:00:00+00:00,2000-05-29 00:00:00+00:00,0.9240027767201172,1.8480055534402344,-0.33969427011190634,0.00574985340824421,0.00574985340824421
149,S2,2000-05-29 00:00:00+00:00,2000-05-29 00:00:00+00:00,1.1737275326239913,2.3474550652479826,0.862339465584282,0.01805164102180098,0.01805164102180098
149,S3,2000-05-29 00:00:00+00:00,2000-05-29 00:00:00+00:00,1.1366379245460594,2.2732758490921188,-0.7113604849256097,0.0064680266670152815,0.0064680266670152815
149,S4,2000-05-29 00:00:00+00:00,2000-05-29 00:00:00+00:00,1.3897679388114335,2.779535877622867,-1.289427699156646,-0.0008270282090914495,-0.0008270282090914495
149,S5,2000-05-29 00:00:00+00:00,2000-05-29 00:00:00+00:00,-0.1456825059189122,-0.2913650118378244,-0.5041431777679665,0.00583680804471408,0.00583680804471408
149,S6,2000-05-29 00:00:00+00:00,2000-05-29 00:00:00+00:00,-0.17413191507326234,-0.3482638301465247,0.03485540140955484,-0.011005611179660733,-0.011005611179660733
149,S7,2000-05-29 00:00:00+00:00,2000-05-29 00:00:00+00:00,0.8250507793943487,1.6501015587886974,-0.9341080469734648,0.006715390769597024,0.006715390769597024
150,S0,2000-05-30 00:00:00+00:00,2000-05-30 00:00:00+00:00,-1.3665243151280329,-2.7330486302560657,0.27399125835264987,-0.01727638625316002,-0.01727638625316002
150,S1,2000-05-30 00:00:00+00:00,2000-05-30 00:00:00+00:00,0.20942904726834088,0.41885809453668177,1.8113489988789824,0.03885610192997084,0.03885610192997084
150,S2,2000-05-30 00:00:00+00:00,2000-05-30 00:00:00+00:00,-0.5305589921699142,-1.0611179843398284,-0.5882255864004279,0.007942806069040381,0.007942806069040381
150,S3,2000-05-30 00:00:00+00:00,2000-05-30 00:00:00+00:00,-0.3687890508614081,-0.7375781017228162,0.036290328547667255,-0.016187134639637026,-0.016187134639637026
150,S4,2000-05-30 00:00:00+00:00,2000-05-30 00:00:00+00:00,-1.7415144478985787,-3.4830288957971574,1.3433037411731101,-0.024106832996154993,-0.024106832996154993
150,S5,2000-05-30 00:00:00+00:00,2000-05-30 00:00:00+00:00,-0.8905443058032078,-1.7810886116064155,-0.6578039577127986,-0.012321612483502262,-0.012321612483502262
150,S6,2000-05-30 00:00:00+00:00,2000-05-30 00:00:00+00:00,-0.020493929457115093,-0.04098785891423019,-0.8580585247810589,-0.026941864566466432,-0.026941864566466432
150,S7,2000-05-30 00:00:00+00:00,2000-05-30 00:00:00+00:00,0.8884531740936087,1.7769063481872174,-1.1055717812184809,-0.009590366287952467,-0.009590366287952467
151,S0,2000-05-31 00:00:00+00:00,2000-05-31 00:00:00+00:00,0.9900265894080504,1.9800531788161009,0.38528416727601006,-0.0025971200398814936,-0.0025971200398814936
151,S1,2000-05-31 00:00:00+00:00,2000-05-31 00:00:00+00:00,-0.08032647499591145,-0.1606529499918229,0.5008101046198885,0.01745375979833939,0.01745375979833939
151,S2,2000-05-31 00:00:00+00:00,2000-05-31 00:00:00+00:00,-0.18928835722896975,-0.3785767144579395,-0.16318270024287548,-0.002639977812982018,-0.002639977812982018
151,S3,2000-05-31 00:00:00+00:00,2000-05-31 00:00:00+00:00,-0.8306791870163397,-1.6613583740326794,0.026584460514226416,-0.010664723105697441,-0.010664723105697441
151,S4,2000-05-31 00:00:00+00:00,2000-05-31 00:00:00+00:00,0.40235649697613907,0.8047129939522781,1.2570980729468966,-0.013981381228832268,-0.013981381228832268
151,S5,2000-05-31 00:00:00+00:00,2000-05-31 00:00:00+00:00,-0.2475780005075383,-0.4951560010150766,0.8496487674362452,-0.014123709880984697,-0.014123709880984697
151,S6,2000-05-31 00:00:00+00:00,2000-05-31 00:00:00+00:00,0.605884539149004,1.211769078298008,-1.4202317537041567,0.0059443777653879,0.0059443777653879
151,S7,2000-05-31 00:00:00+00:00,2000-05-31 00:00:00+00:00,1.751686804125962,3.503373608251924,-0.029496611931076118,0.008295991028123059,0.008295991028123059
152,S0,2000-06-01 00:00:00+00:00,2000-06-01 00:00:00+00:00,-0.032374957261813664,-0.06474991452362733,0.08417011532839369,0.019400353549558193,0.019400353549558193
152,S1,2000-06-01 00:00:00+00:00,2000-06-01 00:00:00+00:00,-1.4973544741740719,-2.9947089483481437,0.6979531506578072,-0.012910298092622658,-0.012910298092622658
152,S2,2000-06-01 00:00:00+00:00,2000-06-01 00:00:00+00:00,-0.8608504430288475,-1.721700886057695,-0.24645952461575477,0.01496044148937996,0.01496044148937996
152,S3,2000-06-01 00:00:00+00:00,2000-06-01 00:00:00+00:00,-1.4581474413366173,-2.9162948826732347,-0.6694006052342366,0.000540383880785273,0.000540383880785273
152,S4,2000-06-01 00:00:00+00:00,2000-06-01 00:00:00+00:00,-1.1971096894149784,-2.394219378829957,-0.48301913431095506,-0.0023418951025598734,-0.0023418951025598734
152,S5,2000-06-01 00:00:00+00:00,2000-06-01 00:00:00+00:00,1.305270723485468,2.610541446970936,-1.8038481039518237,-0.022387402068032244,-0.022387402068032244
152,S6,2000-06-01 00:00:00+00:00,2000-06-01 00:00:00+00:00,0.2266595734584829,0.4533191469169658,-0.05215402087396961,-0.015928155517667422,-0.015928155517667422
152,S7,2000-06-01 00:00:00+00:00,2000-06-01 00:00:00+00:00,-1.5201744315757593,-3.0403488631515185,-0.6240267374757776,0.007556814069716139,0.007556814069716139
153,S0,2000-06-02 00:00:00+00:00,2000-06-02 00:00:00+00:00,0.6536321660301218,1.3072643320602435,0.4383338709643181,0.018301910765607533,0.018301910765607533
153,S1,2000-06-02 00:00:00+00:00,2000-06-02 00:00:00+00:00,1.2603748740788823,2.5207497481577645,-1.0552514149985175,0.002858315740229811,0.002858315740229811
153,S2,2000-06-02 00:00:00+00:00,2000-06-02 00:00:00+00:00,-0.359874557435862,-0.719749114871724,-0.46581271865899926,0.004718495659891258,0.004718495659891258
153,S3,2000-06-02 00:00:00+00:00,2000-06-02 00:00:00+00:00,-0.6759908391368861,-1.3519816782737721,-1.0092391130869673,-0.01409971131904424,-0.01409971131904424
153,S4,2000-06-02 00:00:00+00:00,2000-06-02 00:00:00+00:00,-0.3373777124849492,-0.6747554249698984,-1.0975210761625993,-0.012199690595243225,-0.012199690595243225
153,S5,2000-06-02 00:00:00+00:00,2000-06-02 00:00:00+00:00,0.28460651025417144,0.5692130205083429,0.6673134101564022,-0.01408592914910592,-0.01408592914910592
153,S6,2000-06-02 00:00:00+00:00,2000-06-02 00:00:00+00:00,0.639970150256371,1.279940300512742,-0.49821122322866834,0.011900446313974902,0.011900446313974902
153,S7,2000-06-02 00:00:00+00:00,2000-06-02 00:00:00+00:00,1.1822168380402336,2.364433676080467,0.4101551917527332,0.004590912294575904,0.004590912294575904
154,S0,2000-06-03 00:00:00+00:00,2000-06-03 00:00:00+00:00,1.2124782059131658,2.4249564118263316,-1.1540238698415464,0.0017874643016291894,0.0017874643016291894
154,S1,2000-06-03 00:00:00+00:00,2000-06-03 00:00:00+00:00,1.1854038482269786,2.3708076964539573,0.06151243186372376,0.00026583764653566235,0.00026583764653566235
154,S2,2000-06-03 00:00:00+00:00,2000-06-03 00:00:00+00:00,1.361921431780073,2.723842863560146,-1.7253315337683663,0.014245360748012852,0.014245360748012852
154,S3,2000-06-03 00:00:00+00:00,2000-06-03 00:00:00+00:00,0.6613877898003535,1.322775579600707,-0.5153363733989789,0.007942375550303507,0.007942375550303507
154,S4,2000-06-03 00:00:00+00:00,2000-06-03 00:00:00+00:00,-1.5309066043319859,-3.0618132086639718,-0.5404974526043846,-0.01815416467249919,-0.01815416467249919
154,S5,2000-06-03 00:00:00+00:00,2000-06-03 00:00:00+00:00,-0.13096422951361827,-0.26192845902723655,0.5439473911326945,0.025666022468135128,0.025666022468135128
154,S6,2000-06-03 00:00:00+00:00,2000-06-03 00:00:00+00:00,0.31392051262338433,0.6278410252467687,0.14057079568141373,0.005561207079737593,0.005561207079737593
154,S7,2000-06-03 00:00:00+00:00,2000-06-03 00:00:00+00:00,-0.38312626500769986,-0.7662525300153997,-0.21502162120168344,-0.0009252272714575279,-0.0009252272714575279
155,S0,2000-06-04 00:00:00+00:00,2000-06-04 00:00:00+00:00,0.9112608549019698,1.8225217098039397,0.796810614146495,0.024786583326698274,0.024786583326698274
155,S1,2000-06-04 00:00:00+00:00,2000-06-04 00:00:00+00:00,-0.36021397218550477,-0.7204279443710095,0.14998364126378205,0.012901653873166807,0.012901653873166807
155,S2,2000-06-04 00:00:00+00:00,2000-06-04 00:00:00+00:00,-0.92574702996371,-1.85149405992742,0.4959173207301414,-0.006040236200897547,-0.006040236200897547
155,S3,2000-06-04 00:00:00+00:00,2000-06-04 00:00:00+00:00,1.4442989994390623,2.8885979988781245,0.7240315799638942,0.012799228513336551,0.012799228513336551
155,S4,2000-06-04 00:00:00+00:00,2000-06-04 00:00:00+00:00,0.6660043098063377,1.3320086196126755,-0.10889480046759324,-0.014403402860487097,-0.014403402860487097
155,S5,2000-06-04 00:00:00+00:00,2000-06-04 00:00:00+00:00,0.21925378420038097,0.43850756840076194,-0.33630038103203186,-0.009753373915072423,-0.009753373915072423
155,S6,2000-06-04 00:00:00+00:00,2000-06-04 00:00:00+00:00,0.9267090914598398,1.8534181829196796,0.28359325345123587,-0.03121588054076611,-0.03121588054076611
155,S7,2000-06-04 00:00:00+00:00,2000-06-04 00:00:00+00:00,1.0625342393353856,2.125068478670771,-0.46021427335252213,0.021537897112227918,0.021537897112227918
156,S0,2000-06-05 00:00:00+00:00,2000-06-05 00:00:00+00:00,0.3410358109726957,0.6820716219453914,0.34338287088463454,-0.039241342670859616,-0.039241342670859616
156,S1,2000-06-05 00:00:00+00:00,2000-06-05 00:00:00+00:00,-2.457661418894294,-4.915322837788588,1.0627475063105163,-0.011740831228595922,-0.011740831228595922
156,S2,2000-06-05 00:00:00+00:00,2000-06-05 00:00:00+00:00,-0.6755894506677215,-1.351178901335443,0.809118016736485,-0.02729182521903658,-0.02729182521903658
156,S3,2000-06-05 00:00:00+00:00,2000-06-05 00:00:00+00:00,-0.4565791295783091,-0.9131582591566182,-0.42578973050964375,-0.028640202597797572,-0.028640202597797572
156,S4,2000-06-05 00:00:00+00:00,2000-06-05 00:00:00+00:00,-0.9842008951131349,-1.9684017902262698,-1.328449405818597,-0.01899158077348191,-0.01899158077348191
156,S5,2000-06-05 00:00:00+00:00,2000-06-05 00:00:00+00:00,0.19867743392031523,0.39735486784063045,-0.10094604480682845,-0.007338421630266102,-0.007338421630266102
156,S6,2000-06-05 00:00:00+00:00,2000-06-05 00:00:00+00:00,1.1922021328513417,2.3844042657026834,-0.17089001420996022,0.001821091657189293,0.001821091657189293
156,S7,2000-06-05 00:00:00+00:00,2000-06-05 00:00:00+00:00,-0.48490558520706833,-0.9698111704141367,1.0587739529293214,0.012505538871867226,0.012505538871867226
157,S0,2000-06-06 00:00:00+00:00,2000-06-06 00:00:00+00:00,-1.1348326696708735,-2.269665339341747,-0.4280395975147865,-0.00022362855573233257,-0.00022362855573233257
157,S1,2000-06-06 00:00:00+00:00,2000-06-06 00:00:00+00:00,2.0280348109104995,4.056069621820999,-0.25473503432592326,0.02026656094595964,0.02026656094595964
157,S2,2000-06-06 00:00:00+00:00,2000-06-06 00:00:00+00:00,-0.4514376060975332,-0.9028752121950664,0.6879982285495855,-0.01184659431570529,-0.01184659431570529
157,S3,2000-06-06 00:00:00+00:00,2000-06-06 00:00:00+00:00,-1.232964924713251,-2.465929849426502,-0.5230126085047901,0.004710451245864585,0.004710451245864585
157,S4,2000-06-06 00:00:00+00:00,2000-06-06 00:00:00+00:00,0.23767724961845885,0.4753544992369177,-0.20554528801780425,0.0021862315503025547,0.0021862315503025547
157,S5,2000-06-06 00:00:00+00:00,2000-06-06 00:00:00+00:00,0.42568258158953415,0.8513651631790683,1.6644131531737638,-0.0063085414762938975,-0.0063085414762938975
157,S6,2000-06-06 00:00:00+00:00,2000-06-06 00:00:00+00:00,-0.7050500896806735,-1.410100179361347,1.440466033455219,-0.005323398838854704,-0.005323398838854704
157,S7,2000-06-06 00:00:00+00:00,2000-06-06 00:00:00+00:00,0.7904535745882663,1.5809071491765325,0.5816735784987636,0.001167479019872012,0.001167479019872012
158,S0,2000-06-07 00:00:00+00:00,2000-06-07 00:00:00+00:00,-0.4873194382866741,-0.9746388765733482,0.22109033103647568,-0.000828821042376368,-0.000828821042376368
158,S1,2000-06-07 00:00:00+00:00,2000-06-07 00:00:00+00:00,-0.9229509153903888,-1.8459018307807775,-1.014224300188018,0.000582731945176199,0.000582731945176199
158,S2,2000-06-07 00:00:00+00:00,2000-06-07 00:00:00+00:00,0.17859086852485911,0.35718173704971823,0.5102891095326529,-0.008665324163941885,-0.008665324163941885
158,S3,2000-06-07 00:00:00+00:00,2000-06-07 00:00:00+00:00,0.7707689771249504,1.5415379542499008,0.010801065904720275,-0.009774857836736591,-0.009774857836736591
158,S4,2000-06-07 00:00:00+00:00,2000-06-07 00:00:00+00:00,-0.6338514911946994,-1.2677029823893988,0.17312714828665743,0.0069303357323728925,0.0069303357323728925
158,S5,2000-06-07 00:00:00+00:00,2000-06-07 00:00:00+00:00,0.3306255560142178,0.6612511120284356,-0.564658838611709,-0.02587209500357141,-0.02587209500357141
158,S6,2000-06-07 00:00:00+00:00,2000-06-07 00:00:00+00:00,-0.09349163940534987,-0.18698327881069973,-0.05917810258006762,-0.011393398397169043,-0.011393398397169043
158,S7,2000-06-07 00:00:00+00:00,2000-06-07 00:00:00+00:00,2.8244336497361435,5.648867299472287,-0.23110927219849003,0.03284066646299107,0.03284066646299107
159,S0,2000-06-08 00:00:00+00:00,2000-06-08 00:00:00+00:00,-0.7085596811630914,-1.4171193623261829,0.2676665459962018,-0.04614604011305265,-0.04614604011305265
159,S1,2000-06-08 00:00:00+00:00,2000-06-08 00:00:00+00:00,1.3841716005395124,2.7683432010790248,1.3779246971264856,-0.0075629299341733285,-0.0075629299341733285
159,S2,2000-06-08 00:00:00+00:00,2000-06-08 00:00:00+00:00,-0.05234628843888603,-0.10469257687777206,0.31359315827146217,0.007402569676151407,0.007402569676151407
159,S3,2000-06-08 00:00:00+00:00,2000-06-08 00:00:00+00:00,-0.12676200367229015,-0.2535240073445803,-1.7021290835590768,-0.02796570209095256,-0.02796570209095256
159,S4,2000-06-08 00:00:00+00:00,2000-06-08 00:00:00+00:00,0.7216651115364379,1.4433302230728757,-1.015745567625278,0.039154956256358196,0.039154956256358196
159,S5,2000-06-08 00:00:00+00:00,2000-06-08 00:00:00+00:00,0.8939905665405024,1.7879811330810047,-1.6281590042593395,-0.03795392744497782,-0.03795392744497782
159,S6,2000-06-08 00:00:00+00:00,2000-06-08 00:00:00+00:00,1.2670156409533917,2.5340312819067834,-0.8392786784934503,0.023912618319987075,0.023912618319987075
159,S7,2000-06-08 00:00:00+00:00,2000-06-08 00:00:00+00:00,0.3286517351351579,0.6573034702703158,0.5103215122406102,0.021970891417654997,0.021970891417654997
160,S0,2000-06-09 00:00:00+00:00,2000-06-09 00:00:00+00:00,-0.6003963897579253,-1.2007927795158506,0.3525081678463643,0.0011971191405619856,0.0011971191405619856
160,S1,2000-06-09 00:00:00+00:00,2000-06-09 00:00:00+00:00,-0.5376461041840627,-1.0752922083681253,-0.6455176630090131,-0.015620948787887745,-0.015620948787887745
160,S2,2000-06-09 00:00:00+00:00,2000-06-09 00:00:00+00:00,0.5096531908833498,1.0193063817666996,0.2182383160592355,-0.0027502949861296254,-0.0027502949861296254
160,S3,2000-06-09 00:00:00+00:00,2000-06-09 00:00:00+00:00,0.5808998706077412,1.1617997412154824,-0.8031881901175006,-0.021281729659663216,-0.021281729659663216
160,S4,2000-06-09 00:00:00+00:00,2000-06-09 00:00:00+00:00,1.3980509406964945,2.796101881392989,-1.4654995468773075,0.007585492860838994,0.007585492860838994
160,S5,2000-06-09 00:00:00+00:00,2000-06-09 00:00:00+00:00,0.4184304554186962,0.8368609108373924,-1.4512161092831433,-0.02527083264929238,-0.02527083264929238
160,S6,2000-06-09 00:00:00+00:00,2000-06-09 00:00:00+00:00,1.0601682652577384,2.120336530515477,-0.9052451279504053,-0.01001401673150962,-0.01001401673150962
160,S7,2000-06-09 00:00:00+00:00,2000-06-09 00:00:00+00:00,1.5167710347839571,3.0335420695679143,1.3696159085076558,0.010864242545025809,0.010864242545025809
161,S0,2000-06-10 00:00:00+00:00,2000-06-10 00:00:00+00:00,0.16480054453110587,0.32960108906221175,-1.3863225152434417,-0.018243241526372463,-0.018243241526372463
161,S1,2000-06-10 00:00:00+00:00,2000-06-10 00:00:00+00:00,-1.4855586515906856,-2.971117303181371,1.192383862255277,-0.013594163061275744,-0.013594163061275744
161,S2,2000-06-10 00:00:00+00:00,2000-06-10 00:00:00+00:00,-1.17927708650058,-2.35855417300116,1.2765454300442147,-0.004441036072482503,-0.004441036072482503
161,S3,2000-06-10 00:00:00+00:00,2000-06-10 00:00:00+00:00,-1.4378028681905122,-2.8756057363810243,-0.23047201691924726,-0.028065936680298283,-0.028065936680298283
161,S4,2000-06-10 00:00:00+00:00,2000-06-10 00:00:00+00:00,1.5915903810140994,3.183180762028199,-0.09795020082731246,0.021644048870799133,0.021644048870799133
161,S5,2000-06-10 00:00:00+00:00,2000-06-10 00:00:00+00:00,-0.8474085948289408,-1.6948171896578816,-0.661019357857073,-0.0004659231294892024,-0.0004659231294892024
161,S6,2000-06-10 00:00:00+00:00,2000-06-10 00:00:00+00:00,1.2318415654122892,2.4636831308245783,-0.0740890768251897,-0.01999438346371526,-0.01999438346371526
161,S7,2000-06-10 00:00:00+00:00,2000-06-10 00:00:00+00:00,0.5857319115638746,1.1714638231277492,0.6072445712798552,-0.0005495096242096806,-0.0005495096242096806
162,S0,2000-06-11 00:00:00+00:00,2000-06-11 00:00:00+00:00,1.7152691268390476,3.4305382536780953,-0.040875790037683095,-0.0050137636094773836,-0.0050137636094773836
162,S1,2000-06-11 00:00:00+00:00,2000-06-11 00:00:00+00:00,1.0030938194878394,2.0061876389756788,0.9448640372166425,-0.006095806764549065,-0.006095806764549065
162,S2,2000-06-11 00:00:00+00:00,2000-06-11 00:00:00+00:00,-0.10237026121340073,-0.20474052242680146,1.1337333445132591,0.0004968783628417992,0.0004968783628417992
162,S3,2000-06-11 00:00:00+00:00,2000-06-11 00:00:00+00:00,-0.20003045039326856,-0.4000609007865371,0.292165847084968,-0.01169029816240333,-0.01169029816240333
162,S4,2000-06-11 00:00:00+00:00,2000-06-11 00:00:00+00:00,0.0851677199461466,0.1703354398922932,0.2757080016690327,0.014563532634454182,0.014563532634454182
162,S5,2000-06-11 00:00:00+00:00,2000-06-11 00:00:00+00:00,0.17526095189885732,0.35052190379771464,-0.11232372254674762,-0.01011364657041178,-0.01011364657041178
162,S6,2000-06-11 00:00:00+00:00,2000-06-11 00:00:00+00:00,-0.5307436711234165,-1.061487342246833,0.29450584722394596,0.012357860521122229,0.012357860521122229
162,S7,2000-06-11 00:00:00+00:00,2000-06-11 00:00:00+00:00,-0.03262829758865476,-0.06525659517730951,-1.1633078554685758,-0.0010317175735941352,-0.0010317175735941352
163,S0,2000-06-12 00:00:00+00:00,2000-06-12 00:00:00+00:00,1.6093200620023946,3.2186401240047893,0.35331321004942684,0.01990258382205042,0.01990258382205042
163,S1,2000-06-12 00:00:00+00:00,2000-06-12 00:00:00+00:00,-1.7021383108256534,-3.4042766216513067,0.15338426516429163,-0.014299799868800055,-0.014299799868800055
163,S2,2000-06-12 00:00:00+00:00,2000-06-12 00:00:00+00:00,0.258488139526861,0.516976279053722,-0.9120738271218193,-0.005916533403891595,-0.005916533403891595
163,S3,2000-06-12 00:00:00+00:00,2000-06-12 00:00:00+00:00,-0.9069528059807551,-1.8139056119615102,2.095980391137934,-0.02028601729437357,-0.02028601729437357
163,S4,2000-06-12 00:00:00+00:00,2000-06-12 00:00:00+00:00,0.18703708280488074,0.3740741656097615,-1.0216903442050462,0.010046603920918865,0.010046603920918865
163,S5,2000-06-12 00:00:00+00:00,2000-06-12 00:00:00+00:00,0.8398557752082007,1.6797115504164013,-0.9189828823490875,0.018055125148040467,0.018055125148040467
163,S6,2000-06-12 00:00:00+00:00,2000-06-12 00:00:00+00:00,-0.05761018045769089,-0.11522036091538178,0.22585598327447495,0.0321861609636997,0.0321861609636997
163,S7,2000-06-12 00:00:00+00:00,2000-06-12 00:00:00+00:00,0.7729869198484017,1.5459738396968035,-1.9854622272027107,0.023078633695650677,0.023078633695650677
164,S0,2000-06-13 00:00:00+00:00,2000-06-13 00:00:00+00:00,-1.5898394013841861,-3.1796788027683722,-0.8420993297835871,-0.009616805017744305,-0.009616805017744305
164,S1,2000-06-13 00:00:00+00:00,2000-06-13 00:00:00+00:00,1.1069891126654727,2.2139782253309455,-1.5739187591660142,-0.005740758969763098,-0.005740758969763098
164,S2,2000-06-13 00:00:00+00:00,2000-06-13 00:00:00+00:00,-0.6031292426481158,-1.2062584852962317,-1.0170497509580774,-0.003586121980442761,-0.003586121980442761
164,S3,2000-06-13 00:00:00+00:00,2000-06-13 00:00:00+00:00,0.6224080697923652,1.2448161395847304,-0.18509966502616806,-0.004930590980835983,-0.004930590980835983
164,S4,2000-06-13 00:00:00+00:00,2000-06-13 00:00:00+00:00,0.18244809597646958,0.36489619195293915,0.2659506120260584,0.015677782271443758,0.015677782271443758
164,S5,2000-06-13 00:00:00+00:00,2000-06-13 00:00:00+00:00,-2.585562179123786,-5.171124358247572,1.0486940634337432,-0.0031872467106041427,-0.0031872467106041427
164,S6,2000-06-13 00:00:00+00:00,2000-06-13 00:00:00+00:00,-0.7560641214702215,-1.512128242940443,0.7514332543436966,-0.02257983108261436,-0.02257983108261436
164,S7,2000-06-13 00:00:00+00:00,2000-06-13 00:00:00+00:00,0.22050836793540218,0.44101673587080437,1.1290810227388022,-0.01643658214374625,-0.01643658214374625
165,S0,2000-06-14 00:00:00+00:00,2000-06-14 00:00:00+00:00,1.5539760815691257,3.1079521631382514,0.5339383455247633,0.030626492834411146,0.030626492834411146
165,S1,2000-06-14 00:00:00+00:00,2000-06-14 00:00:00+00:00,0.2872682859036707,0.5745365718073414,-0.520968059507193,0.009671635119687876,0.009671635119687876
165,S2,2000-06-14 00:00:00+00:00,2000-06-14 00:00:00+00:00,0.25769587977073977,0.5153917595414795,1.0596119484626736,0.0014557558382607052,0.0014557558382607052
165,S3,2000-06-14 00:00:00+00:00,2000-06-14 00:00:00+00:00,-1.412684089629386,-2.825368179258772,-0.5410415076133939,0.01604566602806767,0.01604566602806767
165,S4,2000-06-14 00:00:00+00:00,2000-06-14 00:00:00+00:00,1.4311466965234902,2.8622933930469805,-0.6669495560473391,0.0038120349828525413,0.0038120349828525413
165,S5,2000-06-14 00:00:00+00:00,2000-06-14 00:00:00+00:00,1.8070769951881158,3.6141539903762316,1.4726380075540824,0.006933035278004312,0.006933035278004312
165,S6,2000-06-14 00:00:00+00:00,2000-06-14 00:00:00+00:00,0.02857504312397509,0.05715008624795018,0.7326241505954436,-0.0029019129914448234,-0.0029019129914448234
165,S7,2000-06-14 00:00:00+00:00,2000-06-14 00:00:00+00:00,-0.2197570482201158,-0.4395140964402316,0.16475818015642796,-0.026402755837075104,-0.026402755837075104
166,S0,2000-06-15 00:00:00+00:00,2000-06-15 00:00:00+00:00,-1.6190497158096595,-3.238099431619319,0.6966467062201372,-0.0010103721602032038,-0.0010103721602032038
166,S1,2000-06-15 00:00:00+00:00,2000-06-15 00:00:00+00:00,0.8833210589564918,1.7666421179129836,0.8229493587777359,-0.022101010785352312,-0.022101010785352312
166,S2,2000-06-15 00:00:00+00:00,2000-06-15 00:00:00+00:00,2.7022793256924214,5.404558651384843,-1.4152691047221932,-0.005219301639333236,-0.005219301639333236
166,S3,2000-06-15 00:00:00+00:00,2000-06-15 00:00:00+00:00,0.7171130747864916,1.4342261495729831,-0.1484316991075931,-0.015787654092653428,-0.015787654092653428
166,S4,2000-06-15 00:00:00+00:00,2000-06-15 00:00:00+00:00,1.2637035181531975,2.527407036306395,-1.2323028305287378,0.00846164495134396,0.00846164495134396
166,S5,2000-06-15 00:00:00+00:00,2000-06-15 00:00:00+00:00,0.542087293708166,1.084174587416332,0.06714779340275426,-0.006358420719505621,-0.006358420719505621
166,S6,2000-06-15 00:00:00+00:00,2000-06-15 00:00:00+00:00,-0.9850158865687554,-1.9700317731375108,-0.7250629238986795,-0.011206843441592371,-0.011206843441592371
166,S7,2000-06-15 00:00:00+00:00,2000-06-15 00:00:00+00:00,1.3366726310198633,2.6733452620397267,1.3018852546809376,-0.027343234535179194,-0.027343234535179194
167,S0,2000-06-16 00:00:00+00:00,2000-06-16 00:00:00+00:00,-1.2345748994697192,-2.4691497989394384,0.46286827869542335,-0.007630102611966235,-0.007630102611966235
167,S1,2000-06-16 00:00:00+00:00,2000-06-16 00:00:00+00:00,-0.21066490566304208,-0.42132981132608416,-0.8659859791932906,-0.024367903411434105,-0.024367903411434105
167,S2,2000-06-16 00:00:00+00:00,2000-06-16 00:00:00+00:00,0.2788517450025256,0.5577034900050512,-0.07366912802029897,0.004343114624406123,0.004343114624406123
167,S3,2000-06-16 00:00:00+00:00,2000-06-16 00:00:00+00:00,0.8829096607766574,1.765819321553315,-1.2653658188504335,0.0076522362550043065,0.0076522362550043065
167,S4,2000-06-16 00:00:00+00:00,2000-06-16 00:00:00+00:00,0.41598566543096366,0.8319713308619273,-0.014813661356901977,2.2733130128998547e-05,2.2733130128998547e-05
167,S5,2000-06-16 00:00:00+00:00,2000-06-16 00:00:00+00:00,0.3868345008334123,0.7736690016668246,0.49112672520553574,0.030814246000612756,0.030814246000612756
167,S6,2000-06-16 00:00:00+00:00,2000-06-16 00:00:00+00:00,-0.7614880684287629,-1.5229761368575259,0.2074065872481079,0.0034897341491015076,0.0034897341491015076
167,S7,2000-06-16 00:00:00+00:00,2000-06-16 00:00:00+00:00,-1.289371413960456,-2.578742827920912,-1.983440300426495,0.0023996296790968225,0.0023996296790968225
168,S0,2000-06-17 00:00:00+00:00,2000-06-17 00:00:00+00:00,0.061480668263211365,0.12296133652642273,-0.39073758538893283,0.01043054529153336,0.01043054529153336
168,S1,2000-06-17 00:00:00+00:00,2000-06-17 00:00:00+00:00,-0.7101947772428983,-1.4203895544857965,0.45238713554540844,0.0023178020656947525,0.0023178020656947525
168,S2,2000-06-17 00:00:00+00:00,2000-06-17 00:00:00+00:00,-1.3077856280692512,-2.6155712561385025,0.2496549866201246,0.01730758372030683,0.01730758372030683
168,S3,2000-06-17 00:00:00+00:00,2000-06-17 00:00:00+00:00,-1.265946471501941,-2.531892943003882,1.1020512270286447,0.019507909561853918,0.019507909561853918
168,S4,2000-06-17 00:00:00+00:00,2000-06-17 00:00:00+00:00,-0.49012847417311295,-0.9802569483462259,-1.3406097789058018,-0.013427966996964826,-0.013427966996964826
168,S5,2000-06-17 00:00:00+00:00,2000-06-17 00:00:00+00:00,-1.852578860174007,-3.705157720348014,0.46689268452687643,0.01645698095377666,0.01645698095377666
168,S6,2000-06-17 00:00:00+00:00,2000-06-17 00:00:00+00:00,-1.3474687028443724,-2.6949374056887447,-0.7068990622613482,0.010367425526770523,0.010367425526770523
168,S7,2000-06-17 00:00:00+00:00,2000-06-17 00:00:00+00:00,-1.6351369290692526,-3.270273858138505,0.13835432640679232,0.01591990569709735,0.01591990569709735
169,S0,2000-06-18 00:00:00+00:00,2000-06-18 00:00:00+00:00,0.1822594637816633,0.3645189275633266,0.3486425401058251,0.0034511757542745884,0.0034511757542745884
169,S1,2000-06-18 00:00:00+00:00,2000-06-18 00:00:00+00:00,0.4079842295184183,0.8159684590368366,0.6296501501369685,-0.021302652738528122,-0.021302652738528122
169,S2,2000-06-18 00:00:00+00:00,2000-06-18 00:00:00+00:00,2.0071409631828265,4.014281926365653,-0.6334370442356455,-0.013835726721810854,-0.013835726721810854
169,S3,2000-06-18 00:00:00+00:00,2000-06-18 00:00:00+00:00,-1.4975297992323828,-2.9950595984647657,0.12785295340175776,0.017108194928191038,0.017108194928191038
169,S4,2000-06-18 00:00:00+00:00,2000-06-18 00:00:00+00:00,-0.6795969589096627,-1.3591939178193253,-1.2246104745003987,-0.003202573617986628,-0.003202573617986628
169,S5,2000-06-18 00:00:00+00:00,2000-06-18 00:00:00+00:00,0.9126113893228037,1.8252227786456074,-1.4669816959988766,-0.02187893066714546,-0.02187893066714546
169,S6,2000-06-18 00:00:00+00:00,2000-06-18 00:00:00+00:00,-0.2167738049889562,-0.4335476099779124,0.49785088538834804,8.434096961211501e-05,8.434096961211501e-05
169,S7,2000-06-18 00:00:00+00:00,2000-06-18 00:00:00+00:00,-0.3269979387077995,-0.653995877415599,-0.11160184319567239,-0.011010389615996142,-0.011010389615996142
170,S0,2000-06-19 00:00:00+00:00,2000-06-19 00:00:00+00:00,1.709169703339553,3.418339406679106,-1.675401395527983,-0.023964540591479434,-0.023964540591479434
170,S1,2000-06-19 00:00:00+00:00,2000-06-19 00:00:00+00:00,-0.3384061595207278,-0.6768123190414556,-0.907118220580865,-0.03885645728155324,-0.03885645728155324
170,S2,2000-06-19 00:00:00+00:00,2000-06-19 00:00:00+00:00,-1.1561948693340067,-2.3123897386680135,-0.038558885571692104,-0.03181478995819093,-0.03181478995819093
170,S3,2000-06-19 00:00:00+00:00,2000-06-19 00:00:00+00:00,-1.3169399598669396,-2.633879919733879,1.4968165457416838,-0.0043408817678506515,-0.0043408817678506515
170,S4,2000-06-19 00:00:00+00:00,2000-06-19 00:00:00+00:00,0.3356943223139325,0.671388644627865,0.9866708134113734,-0.0025283160502590305,-0.0025283160502590305
170,S5,2000-06-19 00:00:00+00:00,2000-06-19 00:00:00+00:00,0.30524160340596707,0.6104832068119341,0.7400230117655952,-0.0056664315135684235,-0.0056664315135684235
170,S6,2000-06-19 00:00:00+00:00,2000-06-19 00:00:00+00:00,-1.3717023702861768,-2.7434047405723536,-1.842463340610073,-0.00436664724201809,-0.00436664724201809
170,S7,2000-06-19 00:00:00+00:00,2000-06-19 00:00:00+00:00,-0.9853962577263109,-1.9707925154526218,-0.15519839068920654,0.0019253613034771033,0.0019253613034771033
171,S0,2000-06-20 00:00:00+00:00,2000-06-20 00:00:00+00:00,0.5347126378156121,1.0694252756312241,0.41887385814677264,-0.022778642577737034,-0.022778642577737034
171,S1,2000-06-20 00:00:00+00:00,2000-06-20 00:00:00+00:00,0.5772667725251409,1.1545335450502818,0.3355563923106106,0.004411917821951261,0.004411917821951261
171,S2,2000-06-20 00:00:00+00:00,2000-06-20 00:00:00+00:00,-0.6432220836039892,-1.2864441672079785,0.35767524661576006,-0.008371489625704769,-0.008371489625704769
171,S3,2000-06-20 00:00:00+00:00,2000-06-20 00:00:00+00:00,0.6222162018519841,1.2444324037039682,-0.2913001939337218,-0.009388941395404037,-0.009388941395404037
171,S4,2000-06-20 00:00:00+00:00,2000-06-20 00:00:00+00:00,0.5718545872905609,1.1437091745811219,1.698931155252668,0.0006995176423026921,0.0006995176423026921
171,S5,2000-06-20 00:00:00+00:00,2000-06-20 00:00:00+00:00,-1.7830817487195436,-3.5661634974390872,1.4175096632158715,-0.002355289997766787,-0.002355289997766787
171,S6,2000-06-20 00:00:00+00:00,2000-06-20 00:00:00+00:00,-0.3120637504487101,-0.6241275008974202,-0.1520328517174491,0.0013765166138363788,0.0013765166138363788
171,S7,2000-06-20 00:00:00+00:00,2000-06-20 00:00:00+00:00,0.41512559112112213,0.8302511822422443,-1.0377163375345768,-0.013539388873025932,-0.013539388873025932
172,S0,2000-06-21 00:00:00+00:00,2000-06-21 00:00:00+00:00,-0.5730757021639871,-1.1461514043279741,1.994611144187856,-0.011907826497199918,-0.011907826497199918
172,S1,2000-06-21 00:00:00+00:00,2000-06-21 00:00:00+00:00,-2.138931868967707,-4.277863737935414,-0.6107710755631931,0.019313484934083816,0.019313484934083816
172,S2,2000-06-21 00:00:00+00:00,2000-06-21 00:00:00+00:00,-0.2830147214661213,-0.5660294429322426,1.137953124260998,-0.019318662515465844,-0.019318662515465844
172,S3,2000-06-21 00:00:00+00:00,2000-06-21 00:00:00+00:00,0.7520931599414118,1.5041863198828236,1.8502268484585194,-0.0246663030066079,-0.0246663030066079
172,S4,2000-06-21 00:00:00+00:00,2000-06-21 00:00:00+00:00,1.5804055858131327,3.1608111716262655,-1.0015129365781357,0.008081964915528716,0.008081964915528716
172,S5,2000-06-21 00:00:00+00:00,2000-06-21 00:00:00+00:00,-2.190782661253991,-4.381565322507982,0.2320096777112948,-0.002181989201697791,-0.002181989201697791
172,S6,2000-06-21 00:00:00+00:00,2000-06-21 00:00:00+00:00,2.6133213455642696,5.226642691128539,-0.4059470447799969,0.015045665944780089,0.015045665944780089
172,S7,2000-06-21 00:00:00+00:00,2000-06-21 00:00:00+00:00,-1.1271363310292688,-2.2542726620585376,0.456265196661404,-0.02367258933071957,-0.02367258933071957
173,S0,2000-06-22 00:00:00+00:00,2000-06-22 00:00:00+00:00,0.9569708708011316,1.9139417416022633,0.26183239948021003,0.016967769050962644,0.016967769050962644
173,S1,2000-06-22 00:00:00+00:00,2000-06-22 00:00:00+00:00,1.2341980705343905,2.468396141068781,1.8865571804473853,-0.008674728856323253,-0.008674728856323253
173,S2,2000-06-22 00:00:00+00:00,2000-06-22 00:00:00+00:00,0.9830173001338016,1.9660346002676032,0.5315189694476075,-0.014922615923947157,-0.014922615923947157
173,S3,2000-06-22 00:00:00+00:00,2000-06-22 00:00:00+00:00,0.14961847956037583,0.29923695912075166,-0.06721892497079593,-0.01036022724033093,-0.01036022724033093
173,S4,2000-06-22 00:00:00+00:00,2000-06-22 00:00:00+00:00,-1.1614176626879231,-2.3228353253758462,1.0670995508803083,-0.008107716562435648,-0.008107716562435648
173,S5,2000-06-22 00:00:00+00:00,2000-06-22 00:00:00+00:00,0.6265587879860715,1.253117575972143,-0.3303924066151724,0.011386068262038035,0.011386068262038035
173,S6,2000-06-22 00:00:00+00:00,2000-06-22 00:00:00+00:00,-0.7152331767755107,-1.4304663535510214,-0.42374386439678374,0.0046650063673500525,0.0046650063673500525
173,S7,2000-06-22 00:00:00+00:00,2000-06-22 00:00:00+00:00,-2.5226949434372874,-5.045389886874575,2.1795076555846484,-0.012259807150499596,-0.012259807150499596
174,S0,2000-06-23 00:00:00+00:00,2000-06-23 00:00:00+00:00,2.8288986337162725,5.657797267432545,-0.8793816828413256,0.026673329980107963,0.026673329980107963
174,S1,2000-06-23 00:00:00+00:00,2000-06-23 00:00:00+00:00,0.7081020219606693,1.4162040439213386,-0.5473935567368408,0.005418903798880672,0.005418903798880672
174,S2,2000-06-23 00:00:00+00:00,2000-06-23 00:00:00+00:00,1.8180771284865394,3.6361542569730787,-0.014613837582336824,0.02207621918101144,0.02207621918101144
174,S3,2000-06-23 00:00:00+00:00,2000-06-23 00:00:00+00:00,-0.9116228074944426,-1.8232456149888852,-1.1153190621491489,-0.023340371042057384,-0.023340371042057384
174,S4,2000-06-23 00:00:00+00:00,2000-06-23 00:00:00+00:00,1.4675028234118994,2.935005646823799,-2.167422133667998,-0.016378446487050974,-0.016378446487050974
174,S5,2000-06-23 00:00:00+00:00,2000-06-23 00:00:00+00:00,1.5898691581489963,3.1797383162979926,0.9968460123503416,0.019359435441902304,0.019359435441902304
174,S6,2000-06-23 00:00:00+00:00,2000-06-23 00:00:00+00:00,1.5545495245011742,3.1090990490023485,-0.843269188985265,-0.013268886483827064,-0.013268886483827064
174,S7,2000-06-23 00:00:00+00:00,2000-06-23 00:00:00+00:00,-0.0212063332121524,-0.0424126664243048,-0.5997878057397446,-0.003243461229921125,-0.003243461229921125
175,S0,2000-06-24 00:00:00+00:00,2000-06-24 00:00:00+00:00,-1.2024620437425992,-2.4049240874851985,-0.43101868113189074,0.00018912518376613193,0.00018912518376613193
175,S1,2000-06-24 00:00:00+00:00,2000-06-24 00:00:00+00:00,-0.17731280686363585,-0.3546256137272717,-1.0401410090026944,-0.001557999198303484,-0.001557999198303484
175,S2,2000-06-24 00:00:00+00:00,2000-06-24 00:00:00+00:00,-2.2027691137666046,-4.405538227533209,-1.132697317969971,-0.009142903923830159,-0.009142903923830159
175,S3,2000-06-24 00:00:00+00:00,2000-06-24 00:00:00+00:00,-1.702012389403535,-3.40402477880707,0.10201875230601855,0.020551863259026013,0.020551863259026013
175,S4,2000-06-24 00:00:00+00:00,2000-06-24 00:00:00+00:00,0.09193878115026889,0.18387756230053778,2.3388249669808308,-0.031105752863926403,-0.031105752863926403
175,S5,2000-06-24 00:00:00+00:00,2000-06-24 00:00:00+00:00,-0.991398465768181,-1.982796931536362,0.6775752807378284,0.015763025296737718,0.015763025296737718
175,S6,2000-06-24 00:00:00+00:00,2000-06-24 00:00:00+00:00,-0.16444685545475027,-0.32889371090950054,0.6880430461880194,0.04024031235905248,0.04024031235905248
175,S7,2000-06-24 00:00:00+00:00,2000-06-24 00:00:00+00:00,-0.10899975140135905,-0.2179995028027181,-1.564185232300739,0.006388284041853563,0.006388284041853563
176,S0,2000-06-25 00:00:00+00:00,2000-06-25 00:00:00+00:00,1.9307270485184007,3.8614540970368014,-0.08296286156199097,-0.0061494692038564745,-0.0061494692038564745
176,S1,2000-06-25 00:00:00+00:00,2000-06-25 00:00:00+00:00,1.297626569750945,2.59525313950189,-1.2421158588263228,0.0024983127476103442,0.0024983127476103442
176,S2,2000-06-25 00:00:00+00:00,2000-06-25 00:00:00+00:00,-0.04487258416282581,-0.08974516832565162,0.713292783613047,0.013665572306130169,0.013665572306130169
176,S3,2000-06-25 00:00:00+00:00,2000-06-25 00:00:00+00:00,1.2088995341693431,2.4177990683386863,-0.2869006314436612,-0.026572891565846482,-0.026572891565846482
176,S4,2000-06-25 00:00:00+00:00,2000-06-25 00:00:00+00:00,-0.7797131446903424,-1.5594262893806847,-0.020692939337798557,-0.015391268041171791,-0.015391268041171791
176,S5,2000-06-25 00:00:00+00:00,2000-06-25 00:00:00+00:00,-0.33689702409487016,-0.6737940481897403,-0.14740144512050724,-0.017728591435230957,-0.017728591435230957
176,S6,2000-06-25 00:00:00+00:00,2000-06-25 00:00:00+00:00,0.9102243101173967,1.8204486202347934,-0.6424284757395594,-0.0015561390726722465,-0.0015561390726722465
176,S7,2000-06-25 00:00:00+00:00,2000-06-25 00:00:00+00:00,-1.2416605775709948,-2.4833211551419896,-1.580271071977074,-0.016166597329580104,-0.016166597329580104
177,S0,2000-06-26 00:00:00+00:00,2000-06-26 00:00:00+00:00,-0.2789807283002251,-0.5579614566004502,0.5206899850585894,0.0036718469078576687,0.0036718469078576687
177,S1,2000-06-26 00:00:00+00:00,2000-06-26 00:00:00+00:00,-1.3208458600880442,-2.6416917201760883,-1.4419023190761806,-0.016714900584379952,-0.016714900584379952
177,S2,2000-06-26 00:00:00+00:00,2000-06-26 00:00:00+00:00,0.11747240782797058,0.23494481565594116,-1.2396162848183372,-0.003902104950364938,-0.003902104950364938
177,S3,2000-06-26 00:00:00+00:00,2000-06-26 00:00:00+00:00,1.6325157555894336,3.2650315111788673,-0.3565820998047485,-0.008632099598954654,-0.008632099598954654
177,S4,2000-06-26 00:00:00+00:00,2000-06-26 00:00:00+00:00,-0.7520968891009723,-1.5041937782019446,-0.7650471184847458,-0.018079772026749215,-0.018079772026749215
177,S5,2000-06-26 00:00:00+00:00,2000-06-26 00:00:00+00:00,0.22587949591382886,0.4517589918276577,0.2027334486785688,-0.0063266065416429885,-0.0063266065416429885
177,S6,2000-06-26 00:00:00+00:00,2000-06-26 00:00:00+00:00,-0.8973219016364986,-1.7946438032729972,0.9514763838152778,-0.010826463097941389,-0.010826463097941389
177,S7,2000-06-26 00:00:00+00:00,2000-06-26 00:00:00+00:00,-1.1495489432403887,-2.2990978864807774,0.1898808045485561,-0.027292478821706614,-0.027292478821706614
178,S0,2000-06-27 00:00:00+00:00,2000-06-27 00:00:00+00:00,-1.235849520341746,-2.471699040683492,0.13811676891657962,0.012397996963380849,0.012397996963380849
178,S1,2000-06-27 00:00:00+00:00,2000-06-27 00:00:00+00:00,1.4547520814096038,2.9095041628192075,-0.03567137623409534,-0.0024167336725389316,-0.0024167336725389316
178,S2,2000-06-27 00:00:00+00:00,2000-06-27 00:00:00+00:00,2.362435470617594,4.724870941235188,0.7990423169501315,-0.017515250206116672,-0.017515250206116672
178,S3,2000-06-27 00:00:00+00:00,2000-06-27 00:00:00+00:00,0.4830437053055756,0.9660874106111512,-1.904824258734936,0.012245713065651866,0.012245713065651866
178,S4,2000-06-27 00:00:00+00:00,2000-06-27 00:00:00+00:00,-0.7162929691373378,-1.4325859382746755,0.3081429663863253,-0.020298894827600507,-0.020298894827600507
178,S5,2000-06-27 00:00:00+00:00,2000-06-27 00:00:00+00:00,0.7048916343431867,1.4097832686863734,-0.9918242237488746,0.0042343059136589044,0.0042343059136589044
178,S6,2000-06-27 00:00:00+00:00,2000-06-27 00:00:00+00:00,-0.3343235263430333,-0.6686470526860666,-1.291911564924332,-0.007802029399405321,-0.007802029399405321
178,S7,2000-06-27 00:00:00+00:00,2000-06-27 00:00:00+00:00,0.8013983475373727,1.6027966950747454,-0.05416830837084634,0.0007553561510000402,0.0007553561510000402
179,S0,2000-06-28 00:00:00+00:00,2000-06-28 00:00:00+00:00,0.29099363819943935,0.5819872763988787,-0.4462978941240577,-0.0029571900409809254,-0.0029571900409809254
179,S1,2000-06-28 00:00:00+00:00,2000-06-28 00:00:00+00:00,0.27970415085508915,0.5594083017101783,0.5242703134952093,-0.0141951809411197,-0.0141951809411197
179,S2,2000-06-28 00:00:00+00:00,2000-06-28 00:00:00+00:00,0.6072760593752837,1.2145521187505675,1.04175047728501,-0.00364318234141747,-0.00364318234141747
179,S3,2000-06-28 00:00:00+00:00,2000-06-28 00:00:00+00:00,-0.5794936369771572,-1.1589872739543143,-2.3846573884820788,0.021491925371368563,0.021491925371368563
179,S4,2000-06-28 00:00:00+00:00,2000-06-28 00:00:00+00:00,-0.4043678231128611,-0.8087356462257222,-0.1313375002747724,-0.04186803985145091,-0.04186803985145091
179,S5,2000-06-28 00:00:00+00:00,2000-06-28 00:00:00+00:00,-1.7212455900539538,-3.4424911801079077,1.8993480516158663,-0.012582106646475978,-0.012582106646475978
179,S6,2000-06-28 00:00:00+00:00,2000-06-28 00:00:00+00:00,-0.441869441453459,-0.883738882906918,0.8085818577061741,-0.0019292365631271898,-0.0019292365631271898
179,S7,2000-06-28 00:00:00+00:00,2000-06-28 00:00:00+00:00,-1.422332690064836,-2.844665380129672,1.3873896614900512,-0.028159884398778492,-0.028159884398778492
